Country Name,1950,1951,1952,1953,1954,1955,1956,1957,1958,1959,1960,1961,1962,1963,1964,1965,1966,1967,1968,1969,1970,1971,1972,1973,1974,1975,1976,1977,1978,1979,1980,1981,1982,1983,1984,1985,1986,1987,1988,1989,1990,1991,1992,1993,1994,1995,1996,1997,1998,1999,2000,2001,2002,2003,2004,2005,2006,2007,2008,2009,2010,2011,2012,2013,2014,2015,2016
Afghanistan,,,,,,,,,,,32.403,31.902,31.415,30.937,30.464,29.992,29.521,29.05,28.577,28.101,27.619,27.131,26.637,26.136,25.625,25.104,24.57,24.024,23.464,22.887,22.288,21.662,21.008,20.329,19.633,18.925,18.212,17.505,16.818,16.163,15.555,15.008,14.524,14.101,13.736,13.421,13.146,12.894,12.651,12.406,12.149,11.878,11.594,11.302,11.003,10.696,10.386,10.075,9.771,9.475,9.193,8.927,8.677,8.445,8.23,8.034,
Albania,,,,,,,,,,,11.328,10.72,10.176,9.708,9.321,9.01,8.762,8.555,8.366,8.184,7.996,7.797,7.59,7.381,7.172,6.969,6.782,6.619,6.483,6.376,6.289,6.213,6.138,6.06,5.98,5.907,5.856,5.838,5.857,5.911,5.99,6.081,6.167,6.234,6.273,6.274,6.23,6.149,6.044,5.927,5.818,5.741,5.711,5.737,5.822,5.957,6.131,6.321,6.508,6.684,6.841,6.981,7.109,7.232,7.35,7.463,
Algeria,,,,,,,,,,,20.341,19.952,19.557,19.158,18.757,18.363,17.985,17.625,17.283,16.955,16.633,16.312,15.979,15.618,15.217,14.752,14.202,13.564,12.849,12.072,11.259,10.443,9.658,8.935,8.295,7.754,7.318,6.972,6.695,6.479,6.307,6.164,6.037,5.915,5.79,5.66,5.526,5.4,5.287,5.192,5.115,5.059,5.022,5.001,4.994,4.999,5.014,5.036,5.061,5.086,5.108,5.123,5.13,5.131,5.125,5.114,
American Samoa,,,,,,,,,,,,,,,,,,,,,,,,,,,,,,,,,,,,,,,,,,,,,,,,,,,,,,,,,4,,,,,,,,,,
Andorra,,,,,,,,,,,,,,,,,,,,,,,,,,,,,,,,,,,,,,,,,,,,,,,,,,,,,,,3.8,3.6,3.3,2.8,2.8,3.2,2.8,,3.9,,,,
Angola,,,,,,,,,,,32.356,31.815,31.279,30.752,30.238,29.738,29.254,28.787,28.335,27.9,27.482,27.076,26.684,26.307,25.947,25.615,25.319,25.064,24.85,24.675,24.53,24.404,24.283,24.16,24.028,23.895,23.77,23.661,23.569,23.486,23.397,23.288,23.141,22.939,22.671,22.322,21.879,21.35,20.751,20.103,19.432,18.77,18.145,17.574,17.071,16.635,16.259,15.918,15.593,15.275,14.959,14.642,14.329,14.021,13.72,13.424,
Antigua and Barbuda,,,,,,,,,,,9.098,8.944,8.784,8.616,8.437,8.248,8.05,7.847,7.647,7.451,7.263,7.084,6.915,6.76,6.622,6.507,6.422,6.368,6.346,6.352,6.385,6.438,6.505,6.579,6.655,6.732,6.811,6.893,6.978,7.061,7.137,7.199,7.243,7.265,7.264,7.237,7.183,7.108,7.018,6.919,6.817,6.721,6.635,6.563,6.506,6.461,6.425,6.391,6.354,6.314,6.27,6.224,6.18,6.142,6.111,6.087,
Arab World,,,,,,,,,,,19.75248985,19.28680148,18.8238641,18.3581549,17.88854906,17.41838549,16.95388106,16.50249374,16.06693909,15.64624018,15.23625002,14.83104315,14.42515252,14.0174216,13.61103299,13.2090311,12.814914,12.43100489,12.05520285,11.68231698,11.30563048,10.91987447,10.52605405,10.12858553,9.736670984,9.360118323,9.011175325,8.696638118,8.419223869,8.179354815,7.946420715,7.76620403,7.6362194,7.477710093,7.313990639,7.128868672,6.967778916,6.832448308,6.711291463,6.608936291,6.516199118,6.440409958,6.381335282,6.329482268,6.265799408,6.200933216,6.128535216,6.061947486,6.014266193,5.959081516,5.911759782,5.872836527,5.833642389,5.790663029,5.744910635,5.711970768,
Argentina,,,,,,,,,,,8.637,8.689,8.752,8.821,8.889,8.948,8.994,9.025,9.043,9.047,9.039,9.025,9.008,8.993,8.979,8.961,8.934,8.893,8.837,8.767,8.69,8.613,8.545,8.491,8.451,8.423,8.401,8.379,8.35,8.312,8.264,8.207,8.145,8.082,8.021,7.965,7.916,7.874,7.841,7.815,7.796,7.782,7.77,7.759,7.746,7.731,7.715,7.696,7.678,7.659,7.64,7.621,7.602,7.584,7.566,7.55,
Armenia,,,,,,,,,,,9.518,9.171,8.805,8.424,8.035,7.649,7.282,6.946,6.653,6.41,6.224,6.098,6.024,5.991,5.993,6.017,6.05,6.084,6.118,6.153,6.201,6.284,6.415,6.6,6.835,7.11,7.411,7.714,7.998,8.249,8.453,8.604,8.706,8.766,8.787,8.773,8.731,8.671,8.602,8.534,8.475,8.431,8.403,8.39,8.396,8.421,8.462,8.517,8.582,8.655,8.738,8.834,8.943,9.063,9.19,9.316,
Aruba,,,,,,,,,,,6.389,6.243,6.12,6.015,5.922,5.841,5.771,5.717,5.682,5.666,5.671,5.698,5.746,5.812,5.892,5.981,6.07,6.157,6.237,6.309,6.376,6.445,6.519,6.603,6.694,6.786,6.874,6.949,7.007,7.045,7.061,7.057,7.037,7.007,6.975,6.944,6.922,6.911,6.914,6.934,6.97,7.02,7.08,7.147,7.222,7.305,7.4,7.507,7.628,7.761,7.905,8.054,8.207,8.361,8.514,8.667,
Australia,,,,,,,,,,,8.6,8.5,8.7,8.7,9,8.8,8.9,8.7,9.1,8.7,9,8.6,8.3,8.3,8.4,7.8,8,7.6,7.5,7.3,7.3,7.3,7.5,7.3,7.1,6.6,7.3,7.5,7.2,7.3,7,6.9,7.1,6.9,7.1,6.9,7,7,6.8,6.8,6.7,6.6,6.8,6.6,6.5,6.4,6.4,6.7,6.7,6.5,6.5,6.6,6.6,6.4,6.5,6.704,
Austria,,,,,,,,,,,12.7,12.1,12.7,12.8,12.3,13,12.5,12.9,12.9,13.3,13.2,13,12.6,12.2,12.4,12.7,12.6,12.2,12.5,12.2,12.2,12.2,12.1,12.3,11.7,11.8,11.5,11.2,11,10.9,10.8,10.8,10.6,10.4,10.2,10.2,10.2,10,9.8,9.8,9.6,9.3,9.4,9.5,9.1,9.1,9,9,9,9.3,9.2,9.1,9.4,9.4,9.2,9.409,
Azerbaijan,,,,,,,,,,,12.979,12.692,12.356,11.973,11.55,11.098,10.631,10.169,9.731,9.333,8.992,8.72,8.516,8.373,8.289,8.256,8.264,8.298,8.344,8.389,8.421,6.9,6.7,6.6,6.8,6.8,6.7,6.7,6.8,6.4,6.1,6.3,7.1,7.2,7.3,6.7,6.2,6,5.9,5.8,5.8,5.6,5.7,6,6,6.2,6.2,6.3,6,5.9,5.9,5.9,5.9,5.8,5.8,7.284,
"Bahamas, The",,,,,,,,,,,8.285,8.028,7.776,7.53,7.295,7.077,6.887,6.727,6.6,6.503,6.429,6.37,6.315,6.255,6.188,6.113,6.035,5.962,5.897,5.843,5.797,5.757,5.72,5.684,5.647,5.61,5.575,5.544,5.52,5.502,5.495,5.5,5.516,5.542,5.575,5.607,5.632,5.644,5.642,5.627,5.605,5.583,5.57,5.571,5.59,5.625,5.673,5.728,5.784,5.841,5.897,5.955,6.016,6.083,6.156,6.234,
Bahrain,,,,,,,,,,,14.731,13.728,12.753,11.829,10.971,10.193,9.5,8.879,8.319,7.814,7.355,6.931,6.535,6.16,5.803,5.468,5.161,4.89,4.66,4.468,4.311,4.182,4.075,3.979,3.89,3.803,3.716,3.63,3.547,3.465,3.387,3.314,3.247,3.186,3.132,3.082,3.034,2.984,2.932,2.876,2.816,2.751,2.684,2.616,2.551,2.489,2.434,2.387,2.349,2.321,2.305,2.3,2.304,2.317,2.339,2.367,
Bangladesh,,,,,,,,,,,20.258,19.755,19.262,18.788,18.352,18.016,17.852,17.886,18.105,18.462,18.85,19.132,19.203,18.999,18.513,17.796,16.943,16.086,15.326,14.702,14.221,13.855,13.532,13.198,12.837,12.44,12.012,11.572,11.137,10.71,10.292,9.883,9.481,9.087,8.704,8.338,7.996,7.682,7.398,7.146,6.925,6.731,6.559,6.404,6.262,6.132,6.014,5.907,5.813,5.728,5.652,5.582,5.517,5.457,5.401,5.35,
Barbados,,,,,,,,,,,12.457,12.166,11.87,11.579,11.304,11.053,10.83,10.634,10.464,10.321,10.209,10.129,10.079,10.054,10.051,10.067,10.099,10.141,10.188,10.233,10.267,10.281,10.274,10.246,10.195,10.125,10.039,9.944,9.85,9.762,9.687,9.631,9.594,9.577,9.581,9.607,9.655,9.72,9.797,9.88,9.962,10.035,10.095,10.141,10.173,10.193,10.207,10.223,10.246,10.279,10.323,10.378,10.44,10.506,10.576,10.65,
Belarus,,,,,,,,,,,9.946,9.718,9.521,9.351,9.207,9.091,9.004,8.949,8.926,8.933,8.967,9.025,9.103,9.196,9.303,9.425,8.8,8.9,9.1,9.5,9.9,9.6,9.6,9.9,10.5,10.1,9.7,9.9,10.1,10.1,10.7,11.2,11.3,12.4,12.6,13.1,13,13.4,13.6,14.1,13.5,14.1,14.9,14.6,14.4,14.7,14.4,13.9,14.1,14.2,14.4,14.3,13.4,13.2,12.8,14.308,
Belgium,,,,,,,,,,,12.4,11.6,12.2,12.6,11.7,12.2,12.1,12,12.7,12.5,12.3,12.4,12.1,12.1,11.9,12.2,12.1,11.5,11.7,11.4,11.5,11.4,11.4,11.6,11.2,11.3,11.3,10.7,10.6,10.8,10.4,10.4,10.4,10.6,10.3,10.3,10.3,10.2,10.3,10.3,10.2,10.1,10.2,10.3,9.7,9.9,9.6,9.5,9.8,9.7,9.7,9.4,9.8,9.8,9.3,9.777,
Belize,,,,,,,,,,,11.181,10.86,10.54,10.22,9.902,9.592,9.295,9.017,8.762,8.53,8.323,8.141,7.977,7.825,7.68,7.533,7.376,7.207,7.024,6.828,6.621,6.407,6.195,5.995,5.813,5.658,5.537,5.451,5.401,5.385,5.407,5.467,5.559,5.671,5.792,5.908,6.004,6.07,6.101,6.09,6.031,5.921,5.772,5.598,5.416,5.25,5.126,5.058,5.051,5.104,5.201,5.319,5.43,5.512,5.559,5.568,
Benin,,,,,,,,,,,28.827,28.283,27.76,27.247,26.735,26.216,25.686,25.148,24.608,24.067,23.528,22.996,22.477,21.976,21.495,21.039,20.613,20.215,19.837,19.474,19.11,18.733,18.332,17.901,17.441,16.953,16.441,15.921,15.409,14.919,14.471,14.083,13.759,13.499,13.297,13.14,13.009,12.883,12.741,12.573,12.37,12.126,11.853,11.562,11.262,10.964,10.683,10.426,10.201,10.009,9.849,9.713,9.592,9.476,9.361,9.244,
Bermuda,,,,,,,,,,,9.9,,7.4,,,,7.2,,,,7.6,8.2,7.3,6.8,6.3,7.1,6.8,6.6,6,6.6,7.3,,,,7.1,,,,,7.7,7.3,7.7,7.9,8.2,8.1,7.9,6.9,,,,8,7.2,6.7,7.2,6.8,7.1,7.1,7,6.8,7.2,7.3,6.6,6.5,6.8,7.6,,
Bhutan,,,,,,,,,,,31.266,30.852,30.448,30.048,29.642,29.212,28.74,28.212,27.623,26.973,26.265,25.511,24.728,23.937,23.151,22.38,21.63,20.903,20.198,19.519,18.87,18.256,17.671,17.113,16.575,16.049,15.527,15.002,14.471,13.934,13.395,12.862,12.344,11.847,11.374,10.921,10.482,10.049,9.62,9.197,8.785,8.389,8.019,7.68,7.379,7.118,6.9,6.721,6.578,6.465,6.381,6.319,6.277,6.248,6.23,6.218,
Bolivia,,,,,,,,,,,23.772,23.339,22.918,22.508,22.106,21.709,21.318,20.93,20.546,20.165,19.784,19.405,19.027,18.652,18.277,17.905,17.534,17.165,16.799,16.435,16.075,15.719,15.368,15.022,14.682,14.349,14.024,13.706,13.396,13.093,12.797,12.506,12.219,11.935,11.655,11.377,11.102,10.83,10.563,10.3,10.043,9.794,9.552,9.318,9.094,8.878,8.669,8.466,8.271,8.085,7.913,7.759,7.627,7.517,7.428,7.359,
Bosnia and Herzegovina,,,,,,,,,,,9.639,9.291,8.977,8.686,8.412,8.15,7.902,7.672,7.464,7.277,7.108,6.952,6.809,6.678,6.56,6.463,6.393,6.357,6.355,6.384,6.431,6.48,6.522,6.551,6.573,6.607,6.683,6.819,7.019,7.273,7.554,7.822,8.041,8.188,8.259,8.261,8.215,8.158,8.119,8.114,8.154,8.24,8.361,8.508,8.676,8.859,9.052,9.251,9.449,9.644,9.831,10.012,10.187,10.359,10.527,10.69,
Botswana,,,,,,,,,,,16.486,16.148,15.814,15.487,15.164,14.843,14.516,14.177,13.82,13.446,13.051,12.639,12.214,11.783,11.353,10.929,10.515,10.116,9.736,9.378,9.045,8.734,8.445,8.179,7.942,7.731,7.54,7.375,7.252,7.193,7.247,7.467,7.875,8.466,9.216,10.1,11.082,12.088,13.032,13.835,14.38,14.556,14.343,13.765,12.872,11.767,10.589,9.484,8.568,7.899,7.499,7.342,7.332,7.384,7.462,7.536,
Brazil,,,,,,,,,,,13.41,13.093,12.762,12.419,12.066,11.708,11.351,11.003,10.67,10.36,10.081,9.839,9.633,9.46,9.317,9.197,9.092,8.995,8.896,8.79,8.671,8.538,8.394,8.242,8.084,7.923,7.763,7.606,7.456,7.312,7.175,7.042,6.909,6.776,6.644,6.514,6.389,6.274,6.17,6.08,6.006,5.95,5.91,5.885,5.874,5.873,5.882,5.898,5.919,5.943,5.97,6,6.034,6.072,6.116,6.163,
British Virgin Islands,,,,,,,,,,,,,,,,,,,,,,,,,,,,,,,,,,,,,,,,,,,,,,,,,,,,,,,,,,,,,,,,,,,
Brunei Darussalam,,,,,,,,,,,9.207,8.809,8.427,8.063,7.72,7.403,7.118,6.868,6.651,6.466,6.311,6.182,6.073,5.973,5.875,5.765,5.632,5.473,5.288,5.083,4.868,4.659,4.472,4.316,4.194,4.102,4.032,3.968,3.901,3.826,3.742,3.653,3.565,3.483,3.406,3.334,3.261,3.186,3.108,3.03,2.959,2.904,2.872,2.865,2.88,2.911,2.947,2.978,2.996,3.001,2.994,2.982,2.973,2.975,2.992,3.024,
Bulgaria,,,,,,,,,,,8.1,7.9,8.7,8.2,7.9,8.2,8.3,9,8.6,9.5,9.1,9.7,9.8,9.5,9.8,10.3,10.1,10.7,10.5,10.7,11.1,10.7,11.2,11.4,11.3,12,11.6,12,12,12,12.5,12.8,12.6,12.9,13.2,13.6,14,14.7,14.3,13.6,14.1,14,14.3,14.3,14.2,14.6,14.7,15,14.8,14.5,14.9,14.7,15,14.4,15.1,15.366,
Burkina Faso,,,,,,,,,,,28.562,28.147,27.735,27.325,26.918,26.516,26.123,25.741,25.371,25.009,24.653,24.3,23.944,23.575,23.186,22.754,22.258,21.694,21.072,20.409,19.739,19.1,18.527,18.048,17.673,17.407,17.241,17.142,17.082,17.041,17.005,16.963,16.91,16.843,16.75,16.628,16.477,16.299,16.094,15.855,15.564,15.202,14.763,14.253,13.687,13.089,12.492,11.926,11.415,10.972,10.6,10.292,10.028,9.786,9.56,9.343,
Burundi,,,,,,,,,,,23.167,22.878,22.583,22.286,21.992,21.712,21.46,21.243,21.061,20.91,20.776,20.641,20.489,20.308,20.096,19.857,19.601,19.345,19.102,18.877,18.667,18.465,18.264,18.064,17.872,17.717,17.637,17.643,17.727,17.864,17.992,18.033,17.933,17.663,17.229,16.667,16.04,15.428,14.895,14.467,14.153,13.941,13.786,13.649,13.514,13.366,13.196,13.007,12.801,12.577,12.336,12.082,11.824,11.566,11.313,11.066,
Cabo Verde,,,,,,,,,,,20.117,19.726,19.258,18.711,18.096,17.433,16.748,16.071,15.427,14.831,14.289,13.801,13.349,12.921,12.513,12.12,11.74,11.372,11.017,10.676,10.351,10.049,9.772,9.52,9.29,9.077,8.874,8.675,8.472,8.261,8.039,7.802,7.556,7.304,7.052,6.806,6.574,6.36,6.169,6.004,5.864,5.749,5.653,5.571,5.503,5.451,5.42,5.409,5.416,5.436,5.46,5.476,5.477,5.456,5.411,5.344,
Cambodia,,,,,,,,,,,21.772,21.611,21.434,21.248,21.075,20.843,20.452,19.943,19.463,19.225,19.868,22.152,26.311,32.161,39.182,46.177,51.638,54.439,53.975,50.257,43.915,36.097,28.32,21.783,17.005,14.164,13.008,12.757,12.753,12.775,12.679,12.431,12.141,11.882,11.626,11.348,11.028,10.67,10.281,9.864,9.426,8.983,8.553,8.153,7.792,7.479,7.216,6.996,6.81,6.655,6.525,6.412,6.312,6.218,6.127,6.038,
Cameroon,,,,,,,,,,,22.324,22.035,21.751,21.472,21.194,20.913,20.622,20.318,19.999,19.664,19.313,18.946,18.568,18.187,17.807,17.433,17.072,16.725,16.397,16.09,15.807,15.549,15.314,15.1,14.904,14.723,14.553,14.392,14.239,14.095,13.965,13.853,13.765,13.704,13.669,13.664,13.691,13.744,13.812,13.885,13.95,13.991,13.999,13.966,13.886,13.758,13.58,13.366,13.124,12.862,12.587,12.306,12.021,11.739,11.462,11.197,
Canada,,,,,,,,,,,7.8,7.7,7.7,7.8,7.5,7.6,7.5,7.4,7.4,7.3,7.3,7.3,7.4,7.4,7.4,7.3,7.2,7.1,7.1,7,7.1,7,7.1,7,7,7,7.2,7.2,7.3,7.3,7.3,7.2,6.9,6.8,7.2,7.1,7.3,7.2,7.2,7.3,7.1,7.1,7.1,7.2,7.25,7.1,7,7.1,7.2,7.1,7.1,7,7.1,7.2,7.4,7.39,
Cayman Islands,,,,,,,,,,,,,,,,,,,,,,,,,,,,,,,,,,,,,,,,,,,,,,,,,,,,,,,,,,2.9,,2.9,2.8,3.2,3,3.1,,,
Central African Republic,,,,,,,,,,,27.975,27.553,27.118,26.665,26.192,25.69,25.152,24.579,23.974,23.343,22.691,22.024,21.353,20.694,20.058,19.461,18.913,18.419,17.982,17.607,17.297,17.052,16.864,16.726,16.634,16.582,16.567,16.586,16.637,16.715,16.823,16.965,17.143,17.351,17.583,17.833,18.097,18.364,18.618,18.839,19.005,19.093,19.092,18.999,18.814,18.541,18.189,17.782,17.341,16.88,16.412,15.941,15.467,14.995,14.532,14.088,
Chad,,,,,,,,,,,26.546,26.24,25.937,25.639,25.346,25.052,24.749,24.432,24.098,23.754,23.407,23.072,22.759,22.475,22.222,21.995,21.788,21.587,21.384,21.175,20.955,20.724,20.489,20.254,20.023,19.804,19.603,19.423,19.266,19.129,19.007,18.892,18.777,18.655,18.524,18.389,18.256,18.131,18.019,17.915,17.815,17.712,17.598,17.462,17.297,17.094,16.843,16.545,16.207,15.839,15.454,15.071,14.705,14.367,14.065,13.799,
Channel Islands,,,,,,,,,,,12.155,12.186,12.206,12.211,12.198,12.169,12.129,12.086,12.045,12.009,11.978,11.951,11.925,11.896,11.863,11.822,11.772,11.713,11.646,11.572,11.494,11.416,11.343,11.275,11.213,11.154,11.094,11.029,10.957,10.876,10.789,10.699,10.61,10.524,10.439,10.352,10.257,10.149,10.027,9.893,9.749,9.601,9.455,9.32,9.199,9.098,9.022,8.968,8.935,8.921,8.924,8.94,8.964,8.992,9.021,9.05,
Chile,,,,,,,,,,,12.355,12.07,11.786,11.502,11.217,10.932,10.646,10.358,10.072,9.787,9.508,9.237,8.976,8.728,8.494,8.277,8.076,7.891,7.72,7.561,7.412,7.271,7.136,7.006,6.878,6.751,6.624,6.499,6.375,6.254,6.136,6.023,5.916,5.816,5.723,5.639,5.562,5.493,5.431,5.374,5.324,5.28,5.241,5.207,5.178,5.154,5.133,5.117,5.105,5.097,5.093,5.092,5.096,5.105,5.118,5.137,
China,,,,,,,,,,,25.43,14.24,10.02,10.04,11.5,9.5,8.83,8.43,8.21,8.03,7.6,7.32,7.61,7.04,7.34,7.32,7.25,6.87,6.25,6.21,6.34,6.36,6.6,6.9,6.82,6.78,6.86,6.72,6.64,6.54,6.67,6.7,6.64,6.64,6.49,6.57,6.56,6.51,6.5,6.46,6.45,6.43,6.41,6.4,6.42,6.51,6.81,6.93,7.06,7.08,7.11,7.14,7.15,7.16,7.2,7.177,
Colombia,,,,,,,,,,,12.198,11.857,11.545,11.251,10.967,10.687,10.405,10.125,9.848,9.574,9.306,9.045,8.796,8.56,8.336,8.118,7.901,7.68,7.455,7.228,7.008,6.803,6.623,6.472,6.354,6.27,6.217,6.188,6.173,6.166,6.158,6.14,6.11,6.066,6.009,5.941,5.867,5.796,5.733,5.682,5.644,5.616,5.596,5.581,5.57,5.565,5.568,5.579,5.599,5.629,5.667,5.712,5.762,5.816,5.872,5.93,
Comoros,,,,,,,,,,,23.558,23.144,22.718,22.288,21.86,21.436,21.015,20.592,20.168,19.745,19.333,18.94,18.572,18.228,17.904,17.59,17.271,16.935,16.572,16.18,15.759,15.313,14.854,14.393,13.937,13.488,13.048,12.616,12.195,11.79,11.407,11.051,10.725,10.432,10.174,9.957,9.783,9.65,9.551,9.478,9.42,9.367,9.309,9.237,9.144,9.028,8.885,8.723,8.548,8.366,8.181,7.999,7.826,7.663,7.514,7.38,
"Congo, Dem. Rep.",,,,,,,,,,,22.794,22.589,22.394,22.199,21.996,21.776,21.533,21.269,20.991,20.702,20.417,20.148,19.908,19.701,19.527,19.378,19.241,19.102,18.949,18.78,18.597,18.409,18.225,18.053,17.894,17.741,17.583,17.412,17.227,17.036,16.861,16.735,16.671,16.672,16.721,16.785,16.82,16.784,16.648,16.402,16.047,15.597,15.089,14.559,14.029,13.515,13.03,12.573,12.146,11.754,11.4,11.086,10.804,10.549,10.314,10.096,
"Congo, Rep.",,,,,,,,,,,17.127,16.721,16.343,15.993,15.672,15.379,15.114,14.872,14.65,14.443,14.249,14.064,13.886,13.713,13.543,13.371,13.192,13.008,12.821,12.635,12.456,12.289,12.143,12.023,11.937,11.892,11.893,11.938,12.025,12.154,12.33,12.557,12.83,13.136,13.458,13.779,14.083,14.351,14.563,14.696,14.724,14.622,14.391,14.042,13.587,13.047,12.448,11.824,11.208,10.625,10.096,9.633,9.228,8.874,8.569,8.308,
Costa Rica,,,,,,,,,,,10.045,9.677,9.303,8.931,8.565,8.21,7.869,7.54,7.226,6.927,6.647,6.388,6.15,5.932,5.731,5.544,5.367,5.195,5.028,4.865,4.708,4.563,4.435,4.325,4.235,4.166,4.114,4.077,4.049,4.03,4.015,4.002,3.993,3.985,3.98,3.976,3.976,3.98,3.991,4.008,4.032,4.065,4.106,4.153,4.207,4.265,4.327,4.392,4.457,4.522,4.586,4.648,4.709,4.769,4.829,4.889,
Cote d'Ivoire,,,,,,,,,,,27.733,27.062,26.4,25.752,25.12,24.496,23.865,23.213,22.534,21.831,21.114,20.395,19.692,19.021,18.39,17.804,17.261,16.755,16.281,15.84,15.432,15.058,14.72,14.421,14.165,13.956,13.795,13.687,13.633,13.64,13.722,13.895,14.162,14.509,14.917,15.363,15.82,16.256,16.638,16.939,17.129,17.184,17.114,16.932,16.653,16.303,15.912,15.513,15.134,14.791,14.493,14.236,14.001,13.773,13.548,13.323,
Croatia,,,,,,,,,,,10,9.1,10,9.1,10.1,9.3,8.8,9.5,10,10.7,10,10.1,10.8,10.2,10,10.1,9.9,9.9,10.6,10.5,10.9,11.2,11,11.8,11.6,11.1,11,11.2,11.1,11,10.9,11.7,11.3,11.1,10.6,10.9,11.1,11.5,11.5,11.5,11.2,11.2,11.4,11.8,11.2,11.656,11.341,11.798,11.8,11.8,11.8,11.9,12.1,11.8,12,12.595,
Cuba,,,,,,,,,,,8.83,8.682,8.52,8.334,8.122,7.884,7.632,7.378,7.138,6.917,6.718,6.538,6.374,6.224,6.091,5.98,5.898,5.848,5.833,5.851,5.9,5.976,6.072,6.181,6.296,6.415,6.536,6.658,6.78,6.895,6.996,7.075,7.129,7.158,7.164,7.153,7.136,7.121,7.116,7.121,7.131,7.137,7.131,7.11,7.077,7.045,7.026,7.036,7.08,7.16,7.271,7.405,7.545,7.682,7.811,7.929,
Curacao,,,,,,,,,,,,,,,,,,,,,,,,,,,,,,,,,,,,,,,,,,,,,,,,,,,,,,,,,8,7.9,8.6,7.9,8.4,8.5,8.2,8.1,8.8,8.375,
Cyprus,,,,,,,,,,,7.506,7.324,7.132,6.94,6.766,6.644,6.612,6.686,6.863,7.129,7.445,7.763,8.031,8.215,8.299,8.285,8.189,8.051,7.906,7.768,7.649,7.549,7.462,7.382,7.309,7.244,7.184,7.129,7.078,7.03,6.988,6.954,6.929,6.912,6.903,6.899,6.895,6.888,6.875,6.858,6.837,6.816,6.798,6.787,6.783,6.784,6.789,6.793,6.797,6.799,6.802,6.807,6.818,6.836,6.863,6.897,
Czech Republic,,,,,,,,,,,9.8,9.9,10.8,10.4,10.5,10.7,10.8,11.1,11.7,12.2,12.5,12.5,12.1,12.5,12.7,12.4,12.4,12.4,12.4,12.4,13.2,12.7,12.7,13,12.8,12.7,12.8,12.3,12.1,12.3,12.5,12.1,11.7,11.4,11.4,11.4,10.9,10.9,10.6,10.7,10.6,10.5,10.6,10.9,10.5,10.6,10.2,10.2,10.1,10.3,10.2,10.2,10.3,10.4,10,10.298,
Denmark,,,,,,,,,,,9.5,9.4,9.8,9.8,9.9,10.1,10.3,9.9,9.7,9.8,9.8,9.8,10.1,10.1,10.2,10.1,10.6,9.9,10.4,10.7,10.9,11,10.8,11.2,11.2,11.4,11.3,11.3,11.5,11.6,11.9,11.6,11.8,12.1,11.7,12.1,11.6,11.3,11,11.1,10.9,10.9,10.9,10.7,10.3,10.1,10.2,10.2,9.9,9.9,9.8,9.4,9.4,9.3,9.1,9.588,
Djibouti,,,,,,,,,,,18.24,17.907,17.604,17.332,17.083,16.841,16.585,16.297,15.964,15.586,15.164,14.704,14.228,13.758,13.31,12.909,12.578,12.321,12.133,12.007,11.917,11.829,11.714,11.556,11.357,11.134,10.92,10.75,10.644,10.606,10.62,10.665,10.706,10.721,10.702,10.649,10.576,10.499,10.434,10.38,10.336,10.293,10.241,10.171,10.08,9.965,9.822,9.657,9.479,9.293,9.112,8.947,8.805,8.69,8.606,8.551,
Dominica,,,,,,,,,,,,,,,,,,,,,10.9,,,,,,7.5,7.3,5.8,4.2,5.3,4.6,5.4,5.1,5.2,,,6.3,,,8.6,,5.7,,7.2,,7.7,6.2,7.8,,,,7.2,,,,7.5,,,,8.262256383,,,,,,
Dominican Republic,,,,,,,,,,,16.053,15.444,14.843,14.253,13.679,13.123,12.587,12.07,11.573,11.099,10.652,10.236,9.85,9.496,9.174,8.884,8.626,8.397,8.192,8.006,7.833,7.669,7.509,7.352,7.193,7.034,6.872,6.713,6.56,6.417,6.289,6.181,6.095,6.031,5.988,5.965,5.957,5.959,5.965,5.973,5.98,5.984,5.986,5.987,5.987,5.987,5.987,5.988,5.991,5.996,6.004,6.016,6.029,6.046,6.065,6.087,
Ecuador,,,,,,,,,,,15.554,15.126,14.727,14.358,14.017,13.7,13.399,13.106,12.811,12.51,12.196,11.865,11.522,11.168,10.808,10.444,10.081,9.726,9.381,9.05,8.732,8.427,8.132,7.844,7.565,7.296,7.039,6.796,6.57,6.361,6.172,6.004,5.856,5.727,5.616,5.521,5.441,5.372,5.313,5.263,5.222,5.19,5.169,5.158,5.155,5.159,5.165,5.172,5.177,5.179,5.176,5.168,5.157,5.145,5.131,5.119,
"Egypt, Arab Rep.",,,,,,,,,,,19.387,18.911,18.472,18.057,17.657,17.275,16.918,16.595,16.305,16.04,15.784,15.517,15.224,14.897,14.534,14.143,13.739,13.341,12.961,12.602,12.256,11.908,11.546,11.162,10.757,10.34,9.926,9.531,9.165,8.834,8.536,8.263,8.005,7.755,7.515,7.29,7.089,6.92,6.789,6.693,6.629,6.589,6.565,6.545,6.526,6.502,6.473,6.442,6.411,6.377,6.339,6.295,6.245,6.189,6.129,6.066,
El Salvador,,,,,,,,,,,17.073,16.594,16.133,15.693,15.273,14.871,14.488,14.122,13.776,13.45,13.152,12.889,12.664,12.476,12.322,12.196,12.095,12.008,11.919,11.817,11.681,11.494,11.251,10.953,10.602,10.205,9.775,9.33,8.893,8.48,8.109,7.791,7.529,7.319,7.161,7.051,6.977,6.929,6.892,6.86,6.827,6.793,6.76,6.732,6.707,6.687,6.672,6.662,6.659,6.663,6.673,6.692,6.718,6.751,6.79,6.833,
Equatorial Guinea,,,,,,,,,,,27.757,27.403,27.059,26.725,26.403,26.089,25.779,25.469,25.154,24.834,24.512,24.191,23.874,23.562,23.254,22.938,22.601,22.239,21.851,21.447,21.049,20.682,20.368,20.113,19.914,19.752,19.604,19.437,19.227,18.963,18.639,18.256,17.833,17.388,16.933,16.482,16.047,15.634,15.247,14.89,14.563,14.263,13.979,13.704,13.432,13.157,12.875,12.585,12.291,11.996,11.708,11.434,11.183,10.96,10.764,10.594,
Eritrea,,,,,,,,,,,25.356,25.034,24.706,24.369,24.02,23.657,23.276,22.88,22.473,22.061,21.65,21.247,20.859,20.492,20.151,19.842,19.571,19.336,19.126,18.931,18.737,18.525,18.282,17.998,17.668,17.294,16.885,16.455,16.011,15.555,15.074,14.551,13.977,13.356,12.7,12.036,11.393,10.799,10.277,9.837,9.485,9.218,9.014,8.849,8.707,8.569,8.417,8.243,8.044,7.818,7.569,7.308,7.052,6.813,6.598,6.408,
Estonia,,,,,,,,,,,10.5,10.6,10.9,10.5,10,10.4,10.5,10.4,10.7,11.3,11.2,10.9,11.1,11.1,10.9,11.6,12.1,11.8,12.2,12.3,12.3,12.3,11.9,12.1,12.6,12.7,11.7,11.8,11.9,11.8,12.4,12.6,13.1,14.2,15.2,14.5,13.4,13.3,14,13.4,13.2,13.3,13.3,13.2,13,12.8,12.9,13,12.5,12.1,11.9,11.5,11.7,11.6,11.8,12.189,
Ethiopia,,,,,,,,,,,25.001,24.396,23.838,23.336,22.895,22.515,22.191,21.911,21.665,21.451,21.263,21.103,20.972,20.871,20.801,20.773,20.805,20.897,21.032,21.188,21.32,21.377,21.324,21.144,20.837,20.422,19.94,19.439,18.961,18.522,18.129,17.772,17.426,17.069,16.693,16.295,15.875,15.437,14.984,14.513,14.017,13.485,12.914,12.312,11.69,11.065,10.458,9.889,9.372,8.915,8.522,8.189,7.9,7.643,7.411,7.198,
Faroe Islands,,,,,,,,,,,,,,,,,,,,,,,,,,,,,,,,,,,,7.5,8.1,8,9,7.8,7.5,8.4,8.5,8.4,8,8.4,9.1,8.6,8.5,8.9,7.7,7.7,8.3,8.5,7.9,8.6,8.7,7.9,7.9,8,7.2,8,8.5,7.6,8.1,,
Fiji,,,,,,,,,,,11.54,11.125,10.723,10.339,9.976,9.639,9.331,9.054,8.807,8.59,8.401,8.241,8.103,7.983,7.875,7.773,7.673,7.57,7.464,7.353,7.238,7.119,7.001,6.887,6.78,6.68,6.588,6.503,6.426,6.355,6.29,6.229,6.172,6.119,6.071,6.032,6.008,5.999,6.009,6.035,6.077,6.131,6.193,6.257,6.321,6.382,6.437,6.489,6.537,6.585,6.633,6.686,6.746,6.815,6.894,6.982,
Finland,,,,,,,,,,,9,9.1,9.5,9.3,9.3,9.7,9.5,9.5,9.7,9.9,9.6,9.9,9.5,9.3,9.5,9.3,9.5,9.3,9.2,9.2,9.3,9.3,9,9.3,9.2,9.8,9.6,9.7,9.9,9.9,10,9.8,9.9,10.1,9.4,9.6,9.6,9.6,9.6,9.6,9.5,9.4,9.5,9.4,9.1,9.1,9.1,9.3,9.2,9.3,9.5,9.4,9.6,9.5,9.6,9.738,
France,,,,,,,,,,,11.4,11.3,11.2,11.1,11.1,11.1,11,11,10.9,10.9,10.8,10.8,10.7,10.6,10.5,10.4,10.4,10.3,10.2,10.2,10.2,10.1,10,10,9.9,9.8,9.7,9.6,9.5,9.4,9.3,9.2,9.2,9.2,9.1,9.1,9.1,9.1,9.1,9.1,8.9,8.8,8.8,9.1,8.3,8.5,8.3,8.3,8.5,8.5,8.5,8.4,8.7,8.7,8.4,8.995,
French Polynesia,,,,,,,,,,,11.001,10.739,10.502,10.272,10.038,9.792,9.54,9.292,9.059,8.84,8.637,8.453,8.284,8.125,7.972,7.813,7.638,7.442,7.225,6.989,6.745,6.504,6.281,6.086,5.924,5.797,5.704,5.635,5.58,5.533,5.486,5.43,5.363,5.285,5.197,5.104,5.014,4.936,4.876,4.835,4.811,4.795,4.781,4.765,4.75,4.744,4.757,4.799,4.872,4.974,5.097,5.229,5.358,5.473,5.57,5.649,
Gabon,,,,,,,,,,,25.642,25.404,25.096,24.7,24.211,23.639,23.004,22.339,21.675,21.027,20.404,19.809,19.232,18.665,18.108,17.56,17.019,16.484,15.953,15.429,14.908,14.384,13.862,13.348,12.852,12.391,11.98,11.633,11.355,11.147,11.005,10.921,10.877,10.858,10.857,10.871,10.907,10.968,11.048,11.137,11.217,11.267,11.274,11.228,11.124,10.963,10.751,10.503,10.236,9.96,9.682,9.408,9.139,8.877,8.626,8.391,
"Gambia, The",,,,,,,,,,,31.507,31.283,30.995,30.631,30.185,29.656,29.048,28.38,27.669,26.932,26.18,25.425,24.672,23.926,23.196,22.484,21.79,21.108,20.436,19.776,19.13,18.497,17.882,17.289,16.725,16.2,15.726,15.307,14.943,14.63,14.364,14.137,13.934,13.741,13.546,13.335,13.096,12.828,12.533,12.213,11.874,11.525,11.178,10.846,10.536,10.256,10.01,9.795,9.606,9.439,9.289,9.149,9.012,8.873,8.729,8.58,
Georgia,,,,,,,,,,,13.066,12.721,12.365,12,11.633,11.277,10.945,10.648,10.391,10.176,9.997,9.841,9.696,9.554,9.416,9.292,9.195,9.139,9.127,9.156,9.211,9.273,9.324,9.352,9.355,9.341,9.324,9.323,9.35,9.406,9.488,9.586,9.687,9.778,9.855,9.914,9.952,9.975,9.992,10.008,10.033,10.078,10.148,10.246,10.37,10.516,10.677,10.841,10.997,11.137,11.257,11.353,11.427,11.481,11.517,11.533,
Germany,,,,,,,,,,,12,11.6,11.9,12,11.6,12,11.9,11.9,12.6,12.7,12.5,12.3,12.3,12.2,12.1,12.6,12.3,11.9,12.2,12.1,12.2,12.2,12,12,11.8,12,11.9,11.6,11.5,11.5,11.6,11.4,11,11.1,10.9,10.8,10.8,10.5,10.4,10.3,10.2,10.1,10.2,10.3,9.9,10.1,10,10.1,10.3,10.4,10.5,10.4,10.8,10.9,10.8,11.046,
Ghana,,,,,,,,,,,18.435,18.16,17.9,17.652,17.414,17.182,16.955,16.734,16.515,16.296,16.074,15.847,15.614,15.376,15.133,14.889,14.65,14.417,14.193,13.975,13.757,13.534,13.298,13.046,12.776,12.486,12.174,11.845,11.513,11.19,10.898,10.66,10.488,10.385,10.35,10.372,10.436,10.517,10.59,10.641,10.652,10.612,10.528,10.405,10.251,10.076,9.897,9.729,9.581,9.456,9.353,9.261,9.168,9.064,8.948,8.821,
Gibraltar,,,,,,,,,,,,,,,,,,,,,,,,,,,,,,,,,,,,,,,,,,,,,,,,,,,,,,,,,,,,,,,,,,,
Greece,,,,,,,,,,,7.3,7.6,7.9,7.9,8.2,7.9,7.9,8.3,8.4,8.2,8.4,8.4,8.6,8.7,8.5,8.9,8.9,9,8.7,8.6,9.1,8.9,8.8,9.2,8.9,9.4,9.2,9.6,9.2,9.2,9.2,9.3,9.4,9.3,9.3,9.5,9.5,9.4,9.6,9.6,9.7,9.4,9.5,9.7,9.6,9.6,9.6,9.9,9.7,9.8,9.8,10,10.6,10.2,10.5,10.907,
Greenland,,,,,,,,,,,,,,,,,,,,,,,,,,,,7.6,6.3,7.9,7.6,7.5,7.9,8.3,8.3,8.2,8.3,8.2,7.9,8.2,8.4,8.3,8,7.8,8,8.6,7.9,8.8,8.1,8.5,8,8.3,7.9,7.2,8.4,8.2,7.8,8,7.6,7.8,9,8.4,8.1,8,8.2,,
Grenada,,,,,,,,,,,12.174,11.807,11.432,11.054,10.681,10.323,9.991,9.695,9.442,9.236,9.083,8.986,8.936,8.923,8.938,8.968,9,9.027,9.038,9.029,8.993,8.928,8.841,8.742,8.639,8.546,8.48,8.447,8.45,8.486,8.54,8.595,8.631,8.636,8.607,8.547,8.467,8.383,8.307,8.244,8.192,8.149,8.106,8.057,7.998,7.929,7.846,7.754,7.655,7.553,7.452,7.359,7.277,7.208,7.155,7.117,
Guam,,,,,,,,,,,8.019,7.812,7.587,7.344,7.087,6.823,6.56,6.307,6.072,5.861,5.678,5.525,5.4,5.296,5.212,5.144,5.086,5.035,4.987,4.94,4.895,4.853,4.816,4.787,4.765,4.749,4.739,4.731,4.725,4.718,4.708,4.692,4.671,4.645,4.616,4.587,4.562,4.544,4.535,4.536,4.547,4.566,4.591,4.618,4.646,4.673,4.696,4.717,4.735,4.751,4.766,4.779,4.794,4.811,4.831,4.855,
Guatemala,,,,,,,,,,,19.073,18.638,18.205,17.773,17.343,16.909,16.465,16.009,15.545,15.078,14.619,14.181,13.776,13.409,13.082,12.792,12.532,12.291,12.055,11.817,11.568,11.3,11.016,10.718,10.406,10.085,9.762,9.444,9.137,8.845,8.568,8.306,8.054,7.81,7.573,7.342,7.117,6.899,6.69,6.493,6.311,6.149,6.009,5.892,5.797,5.722,5.663,5.616,5.576,5.539,5.503,5.467,5.433,5.401,5.37,5.339,
Guinea,,,,,,,,,,,29.665,29.28,28.924,28.599,28.302,28.033,27.79,27.565,27.35,27.134,26.907,26.661,26.391,26.092,25.761,25.398,25.007,24.595,24.163,23.71,23.227,22.701,22.125,21.503,20.845,20.166,19.482,18.813,18.182,17.604,17.095,16.664,16.308,16.017,15.788,15.618,15.506,15.439,15.395,15.353,15.286,15.165,14.976,14.713,14.373,13.96,13.484,12.972,12.45,11.936,11.45,11.006,10.607,10.253,9.944,9.678,
Guinea-Bissau,,,,,,,,,,,25.168,24.824,24.483,24.147,23.817,23.497,23.195,22.913,22.654,22.417,22.199,21.993,21.794,21.595,21.394,21.189,20.983,20.777,20.575,20.373,20.171,19.965,19.754,19.534,19.302,19.055,18.79,18.506,18.206,17.895,17.577,17.258,16.945,16.644,16.358,16.091,15.844,15.616,15.402,15.2,15.007,14.823,14.643,14.463,14.282,14.093,13.895,13.686,13.468,13.242,13.011,12.777,12.547,12.322,12.106,11.9,
Guyana,,,,,,,,,,,9.773,9.595,9.432,9.288,9.165,9.064,8.983,8.917,8.863,8.816,8.775,8.737,8.7,8.666,8.634,8.604,8.579,8.56,8.55,8.551,8.57,8.612,8.678,8.763,8.859,8.95,9.017,9.048,9.037,8.983,8.897,8.795,8.695,8.611,8.546,8.496,8.45,8.395,8.321,8.23,8.126,8.017,7.915,7.829,7.766,7.727,7.712,7.717,7.737,7.771,7.818,7.879,7.954,8.04,8.137,8.242,
Haiti,,,,,,,,,,,22.317,21.807,21.298,20.791,20.289,19.797,19.324,18.879,18.466,18.09,17.753,17.452,17.182,16.937,16.715,16.519,16.355,16.22,16.109,16.009,15.903,15.769,15.592,15.367,15.093,14.775,14.429,14.075,13.729,13.403,13.099,12.817,12.549,12.291,12.044,11.809,11.592,11.394,11.215,11.052,10.901,10.755,10.607,10.455,10.295,10.125,9.947,9.764,9.582,9.404,9.236,9.081,8.942,8.821,8.717,8.629,
Honduras,,,,,,,,,,,19.834,19.216,18.629,18.079,17.566,17.086,16.632,16.193,15.757,15.318,14.872,14.416,13.952,13.484,13.012,12.539,12.066,11.596,11.133,10.679,10.233,9.793,9.359,8.933,8.52,8.129,7.769,7.447,7.164,6.92,6.711,6.528,6.362,6.205,6.053,5.906,5.768,5.643,5.535,5.445,5.37,5.309,5.257,5.212,5.173,5.137,5.105,5.077,5.055,5.038,5.026,5.017,5.012,5.01,5.011,5.015,
"Hong Kong SAR, China",,,,,,,,,,,5.921,6.1,6.3,5.9,5.3,5,5.3,5.4,5.1,5,5.1,5,5.2,5,5,4.8,5,5.1,5.1,5.2,5,4.8,4.8,5,4.7,4.6,4.7,4.8,4.9,5.1,5.2,5,5.3,5.2,5,5.1,5,4.9,5,5,5.1,5,5,5.4,5.4,5.7,5.5,5.7,6,5.9,6,6,6.1,6,6.2,6.269,
Hungary,,,,,,,,,,,10.2,9.6,10.8,9.9,10,10.7,10,10.7,11.2,11.3,11.6,11.9,11.4,11.8,12,12.4,12.5,12.4,13.1,12.8,13.6,13.5,13.5,13.9,13.8,13.9,13.8,13.4,13.2,13.8,14,14,14.3,14.5,14.2,14.1,13.9,13.5,13.7,14,13.3,13,13.1,13.4,13.1,13.5,13.1,13.2,13,13,13,12.9,13,12.8,12.8,13.278,
Iceland,,,,,,,,,,,6.6,7,6.8,7.2,7,6.7,7.1,7,6.9,7.1,7.1,7.3,6.9,7,7,6.5,6.1,6.5,6.4,6.6,6.8,7.2,6.8,7,6.6,6.8,6.6,7,7.3,6.8,6.7,7,6.6,6.6,6.5,7.2,7,6.8,6.6,6.9,6.5,6.1,6.3,6.3,6.2,6.2,6.3,6.2,6.3,6.3,6.4,6.2,6.1,6.7,6.3,6.393,
India,,,,,,,,,,,22.423,21.877,21.337,20.8,20.267,19.739,19.217,18.703,18.199,17.706,17.224,16.752,16.29,15.84,15.403,14.985,14.59,14.222,13.881,13.569,13.283,13.023,12.783,12.556,12.336,12.116,11.887,11.647,11.395,11.131,10.858,10.581,10.307,10.043,9.793,9.563,9.352,9.161,8.986,8.828,8.684,8.553,8.433,8.32,8.213,8.109,8.005,7.901,7.8,7.7,7.606,7.52,7.446,7.385,7.339,7.306,
Indonesia,,,,,,,,,,,18.011,17.513,17.016,16.522,16.037,15.56,15.09,14.624,14.164,13.71,13.265,12.835,12.422,12.028,11.655,11.304,10.975,10.664,10.37,10.091,9.827,9.578,9.344,9.124,8.918,8.724,8.542,8.371,8.21,8.06,7.919,7.784,7.658,7.541,7.436,7.347,7.281,7.242,7.227,7.234,7.255,7.281,7.303,7.315,7.313,7.298,7.272,7.242,7.215,7.194,7.178,7.168,7.162,7.16,7.161,7.167,
"Iran, Islamic Rep.",,,,,,,,,,,21.93,21.273,20.625,19.989,19.366,18.755,18.15,17.548,16.947,16.347,15.737,15.105,14.454,13.806,13.186,12.666,12.328,12.203,12.283,12.525,12.83,13.067,13.124,12.928,12.458,11.737,10.825,9.841,8.888,8.02,7.282,6.692,6.227,5.862,5.592,5.407,5.289,5.218,5.174,5.144,5.119,5.102,5.098,5.108,5.124,5.138,5.137,5.116,5.072,5.008,4.927,4.838,4.755,4.686,4.636,4.607,
Iraq,,,,,,,,,,,17.534,16.761,16.061,15.41,14.792,14.199,13.63,13.097,12.604,12.15,11.725,11.319,10.929,10.556,10.209,9.913,9.702,9.59,9.573,9.629,9.711,9.757,9.719,9.566,9.293,8.914,8.469,8.013,7.592,7.227,6.928,6.69,6.491,6.312,6.15,6.004,5.875,5.766,5.679,5.614,5.572,5.558,5.57,5.601,5.645,5.69,5.72,5.729,5.709,5.661,5.585,5.49,5.387,5.286,5.193,5.112,
Ireland,,,,,,,,,,,11.5,12.3,11.9,11.8,11.4,11.5,12.2,10.8,11.4,11.5,11.4,10.7,11.3,11.1,11.1,10.4,10.5,10.2,10.2,10,9.8,9.5,9.3,9.4,9.1,9.4,9.5,8.9,9,9.1,8.9,8.9,8.7,9,8.6,8.9,8.7,8.6,8.5,8.7,8.2,7.8,7.5,7.3,7,6.8,6.7,6.4,6.3,6.3,6.1,6.2,6.3,6.4,6.4,6.429,
Isle of Man,,,,,,,,,,,16.7,17.8,16.5,17.7,16.1,17.7,16.7,17.3,17.4,18.2,18.3,16.4,18.8,16.4,18.6,16.7,16.1,16.4,16.5,15.3,15.8,,,,,16.6,,,14.9,14.6,,14.1,13,,12.4,,13.2,,,,,,11.5,,,9.8,,9.8,,,,,,,,,
Israel,,,,,,,,,,,5.7,5.8,6,6.1,6.3,6.3,6.3,6.4,6.7,6.9,7.1,7,7.2,7,7.1,7.1,6.7,6.9,6.8,6.7,6.7,6.5,6.9,6.9,6.7,6.6,6.8,6.7,6.6,7.1,6.8,6.5,6.4,6.6,6.5,6.3,6.1,6.2,6.2,6.1,6,5.8,5.8,5.8,5.6,5.6,5.5,5.6,5.4,5.2,5.2,5.3,5.3,5.2,5.2,5.276,
Italy,,,,,,,,,,,9.6,9.3,10,10.1,9.5,9.9,9.4,9.6,10,10.1,9.7,9.7,9.6,10,9.7,10,9.9,9.8,9.6,9.6,9.8,9.7,9.5,10,9.5,9.7,9.6,9.4,9.5,9.4,9.6,9.7,9.6,9.7,9.7,9.8,9.7,9.8,10,9.8,9.8,9.6,9.8,10.2,9.5,9.8,9.6,9.8,9.9,10,9.9,10,10.3,10,9.8,9.9,
Jamaica,,,,,,,,,,,9.16,8.943,8.756,8.602,8.481,8.381,8.288,8.185,8.061,7.914,7.745,7.562,7.378,7.206,7.052,6.925,6.828,6.758,6.715,6.697,6.702,6.731,6.777,6.837,6.906,6.982,7.065,7.154,7.245,7.336,6,5.6,5.5,5.7,5.5,6.2,6.7,5.9,6.3,6.8,6.3,6.38,6.4,6.58,6.2,6.59,7.15,7.72,7.47,7.03,7.99,6.27,6.28,5.7,5.7,6.914,
Japan,,,,,,,,,,,7.6,7.4,7.5,7,6.9,7.1,6.8,6.7,6.8,6.8,6.9,6.5,6.4,6.6,6.4,6.2,6.2,6,6,5.9,6.1,6.1,6,6.2,6.2,6.2,6.2,6.7,6.5,6.4,6.7,6.7,6.9,7.1,7.1,7.41,7.1,7.3,7.5,7.8,7.7,7.7,8.1,8.4,8.050859795,8.530753759,8.53,8.71,9.1,9.1,9.5,9.9,10,10.1,10,10.483,
Jordan,,,,,,,,,,,15.833,15.31,14.78,14.237,13.679,13.11,12.537,11.974,11.429,10.909,10.414,9.942,9.489,9.054,8.639,8.251,7.898,7.583,7.308,7.07,6.862,6.674,6.498,6.324,6.149,5.969,5.785,5.605,5.432,5.267,5.114,4.973,4.844,4.728,4.622,4.527,4.442,4.364,4.292,4.226,4.165,4.11,4.061,4.019,3.983,3.953,3.929,3.909,3.894,3.882,3.871,3.863,3.855,3.849,3.843,3.839,
Kazakhstan,,,,,,,,,,,12.267,11.957,11.635,11.3,10.956,10.612,10.282,9.979,9.713,9.489,9.309,9.174,9.072,8.995,8.936,8.89,8.85,8.815,8.781,7.7,8,8,7.9,8,8.3,8,7.4,7.6,7.7,7.6,7.7,8,8.1,9.2,9.6,10.2,10.4,10.2,10.2,9.8,10.1,10,11.8,10.41,10.14,10.37,10.27,10.22,9.74,9.8,8.97,8.75,8.51,7.98,7.57,8.825,
Kenya,,,,,,,,,,,20.207,19.646,19.095,18.568,18.068,17.598,17.152,16.719,16.29,15.863,15.437,15.016,14.603,14.199,13.806,13.418,13.029,12.636,12.241,11.852,11.476,11.126,10.812,10.545,10.329,10.165,10.046,9.965,9.921,9.919,9.978,10.123,10.364,10.695,11.097,11.544,12.005,12.44,12.81,13.085,13.232,13.227,13.08,12.809,12.432,11.972,11.461,10.934,10.424,9.952,9.531,9.164,8.836,8.537,8.265,8.025,
Kiribati,,,,,,,,,,,17.339,16.87,16.383,15.887,15.394,14.904,14.416,13.929,13.45,12.992,12.576,12.224,11.949,11.755,11.639,11.593,11.605,11.649,11.7,11.738,11.744,11.703,11.615,11.48,11.3,11.078,10.824,10.553,10.276,10.003,9.739,9.482,9.232,8.986,8.747,8.517,8.299,8.092,7.901,7.728,7.576,7.452,7.354,7.282,7.233,7.202,7.184,7.172,7.16,7.145,7.124,7.097,7.066,7.034,7.002,6.971,
"Korea, Dem. PeopleÍs Rep.",,,,,,,,,,,14.165,13.87,13.596,13.284,12.895,12.412,11.847,11.247,10.654,10.082,9.538,9.027,8.544,8.092,7.676,7.307,6.996,6.744,6.551,6.412,6.319,6.264,6.234,6.214,6.197,6.162,6.09,5.984,5.86,5.742,5.689,5.772,6.026,6.453,7.024,7.665,8.274,8.758,9.059,9.164,9.098,8.926,8.739,8.608,8.56,8.598,8.703,8.829,8.941,9.029,9.09,9.129,9.161,9.196,9.238,9.289,
"Korea, Rep.",,,,,,,,,,,14.344,13.824,13.261,12.665,12.053,11.438,10.831,10.244,9.688,9.174,8,7.2,6.3,7.8,7.2,7.7,7.4,6.8,6.8,6.4,7.3,6.1,6.2,6.4,5.9,5.9,5.8,5.9,5.6,5.6,5.6,5.6,5.4,5.2,5.4,5.3,5.2,5.2,5.2,5.2,5.2,5,5.1,5.1,5,5,5,5,5,5,5.1,5.1,5.3,5.3,5.3,5.771,
Kosovo,,,,,,,,,,,,,,,,,,,,,,,,,,,,,,,,8.2,7.8,7.6,7.5,7.4,7.2,7.1,7,6.9,6.7,6.6,6.4,6.2,6.2,6.1,6.1,6.1,6.1,7.2,7,7.1,7.1,7,7,7,7,7,7,7,7.1,7,7,7,7,,
Kuwait,,,,,,,,,,,8.916,8.467,8.062,7.701,7.38,7.095,6.839,6.607,6.39,6.183,5.979,5.774,5.569,5.364,5.158,4.951,4.745,4.542,4.345,4.156,3.972,3.795,3.622,3.454,3.295,3.147,3.014,2.899,2.804,2.731,2.679,2.647,2.633,2.632,2.641,2.656,2.673,2.691,2.708,2.72,2.728,2.73,2.729,2.725,2.718,2.706,2.689,2.667,2.639,2.609,2.579,2.552,2.53,2.517,2.515,2.523,
Kyrgyz Republic,,,,,,,,,,,15.335,14.897,14.434,13.951,13.459,12.97,12.502,12.068,11.677,11.336,11.046,10.803,10.596,10.414,10.251,10.107,9.983,9.879,9.792,9.716,9.64,9.552,9.447,9.321,9.177,9.02,8.863,8.716,8.588,7.2,6.9,6.9,7.1,7.6,8.2,8,7.4,7.3,7.2,6.8,7,6.6,7.1,7.1,6.9,7.2,7.4,7.2,7.1,6.7,6.6,6.5,6.5,6.1,6.1,6.275,
Lao PDR,,,,,,,,,,,20.313,20.082,19.858,19.643,19.435,19.235,19.039,18.846,18.655,18.464,18.275,18.09,17.911,17.738,17.571,17.41,17.256,17.108,16.959,16.804,16.636,16.444,16.225,15.976,15.696,15.389,15.063,14.726,14.383,14.038,13.688,13.327,12.951,12.557,12.15,11.733,11.315,10.902,10.503,10.123,9.768,9.441,9.138,8.858,8.6,8.363,8.143,7.939,7.747,7.564,7.39,7.223,7.064,6.912,6.768,6.629,
Latvia,,,,,,,,,,,10,10.1,10.8,10.3,9.4,10.1,10.2,10.6,10.8,11.2,11.3,11.1,11.4,11.6,11.5,12.2,12.3,12.4,12.5,12.8,12.8,12.7,12.3,12.7,13,13.2,12,12.2,12.2,12.2,13.1,13.1,13.5,15.3,16.6,15.7,14,13.8,14.2,13.7,13.6,14.1,14.1,14.2,14.2,14.6,14.9,15,14.2,14,14.3,13.9,14.3,14.3,14.3,14.91,
Lebanon,,,,,,,,,,,10.467,10.187,9.918,9.658,9.407,9.166,8.933,8.707,8.491,8.285,8.092,7.918,7.763,7.631,7.52,7.432,7.365,7.317,7.282,7.257,7.238,7.221,7.203,7.183,7.156,7.121,7.078,7.027,6.969,6.903,6.826,6.736,6.633,6.518,6.392,6.256,6.11,5.959,5.805,5.652,5.502,5.359,5.223,5.095,4.98,4.879,4.796,4.731,4.684,4.651,4.629,4.612,4.596,4.579,4.562,4.547,
Lesotho,,,,,,,,,,,19.177,18.814,18.51,18.269,18.087,17.954,17.854,17.768,17.672,17.554,17.399,17.202,16.965,16.694,16.387,16.046,15.669,15.264,14.841,14.409,13.983,13.577,13.197,12.845,12.524,12.211,11.873,11.5,11.099,10.7,10.354,10.126,10.067,10.213,10.577,11.179,12.025,13.06,14.204,15.384,16.496,17.438,18.149,18.591,18.747,18.625,18.263,17.751,17.176,16.594,16.061,15.615,15.26,14.989,14.804,14.693,
Liberia,,,,,,,,,,,28.887,28.615,28.296,27.921,27.493,27.017,26.51,25.988,25.466,24.951,24.438,23.919,23.384,22.831,22.265,21.698,21.141,20.61,20.119,19.678,19.301,18.998,18.763,18.588,18.464,18.385,18.346,18.33,18.315,18.275,18.168,17.952,17.615,17.163,16.615,16.023,15.461,14.981,14.615,14.359,14.167,13.966,13.684,13.277,12.742,12.109,11.434,10.79,10.232,9.782,9.443,9.2,9.013,8.845,8.684,8.52,
Libya,,,,,,,,,,,23.974,22.481,21.024,19.66,18.426,17.334,16.373,15.497,14.669,13.877,13.114,12.377,11.673,11.003,10.37,9.771,9.207,8.68,8.19,7.74,7.331,6.968,6.65,6.375,6.139,5.933,5.749,5.581,5.423,5.273,5.132,5.007,4.904,4.828,4.776,4.748,4.741,4.748,4.764,4.782,4.798,4.805,4.804,4.797,4.785,4.778,4.784,4.811,4.862,4.934,5.022,5.116,5.203,5.275,5.33,5.368,
Liechtenstein,,,,,,,,,,,7.5,7.8,9.5,8.1,7.9,8.1,7.8,7.8,7.1,8,7.7,8.6,6.7,7.8,6.3,7.5,7.4,6.1,6.5,6.8,6.9,6.3,6.4,5.7,6.7,6.4,6.9,6.5,7,6.1,6.8,6.4,6.1,5.9,6.8,7.3,7.4,7.4,6.6,6.4,7.3,6.6,6.4,6.4,5.7,6.2,6.3,6.4,5.8,6.4,6.6,6.8,6.1,6.7,7.2,,
Lithuania,,,,,,,,,,,7.8,7.9,8.7,8,7.4,7.9,7.9,8.1,8.4,8.7,8.9,8.5,9.1,9,9,9.5,9.6,9.8,10.1,10.3,10.5,10.4,10.1,10.5,11,11.1,10,10.2,10.3,10.4,10.8,11.1,11.2,12.5,12.7,12.5,11.9,11.5,11.5,11.4,11.1,11.6,11.9,12,12.2,13.2,13.7,14.1,13.7,13.3,13.6,13.6,13.7,14,13.7,15.792,
Luxembourg,,,,,,,,,,,11.8,11.4,12.6,12.1,11.8,12.2,12.1,12.3,12.2,12.4,12.2,12.8,11.9,12,12.2,12.2,12.5,11.3,11.6,11,11.3,11.2,11.3,11.3,11.1,11,10.8,10.8,10.3,10.6,9.9,9.7,10.3,9.8,9.4,9.3,9.4,9.4,9.2,8.8,8.6,8.4,8.4,9,7.8,7.8,8,8.1,7.4,7.3,7.4,7.4,7.3,7,6.9,7.2,
"Macao SAR, China",,,,,,,,,,,9.308,8.993,8.651,8.29,7.927,7.581,7.269,7.004,6.794,6.645,6.558,6.529,6.544,6.589,6.653,6.731,6.823,6.925,7.029,7.122,7.183,7.193,7.143,7.032,6.863,6.647,6.399,6.142,5.898,5.677,5.489,5.337,5.213,5.11,5.028,4.967,4.924,4.898,4.885,4.88,4.878,4.875,4.867,4.854,4.835,4.813,4.789,4.769,4.756,4.751,4.754,4.762,4.774,4.787,4.801,4.816,
"Macedonia, FYR",,,,,,,,,,,10.58,10.129,9.72,9.348,9.005,8.687,8.392,8.12,7.873,7.65,7.453,7.284,7.146,7.039,6.965,6.926,6.925,6.959,7.021,7.104,7.191,7.268,7.325,7.356,7.363,7.352,7.338,7.336,7.357,7.402,7.467,7.542,7.615,7.676,7.722,7.753,7.772,7.786,7.805,7.831,7.872,7.932,8.012,8.11,8.225,8.353,8.487,8.623,8.753,8.876,8.99,9.096,9.197,9.297,9.395,9.492,
Madagascar,,,,,,,,,,,24.851,24.419,23.984,23.551,23.121,22.698,22.282,21.873,21.471,21.076,20.69,20.315,19.949,19.591,19.238,18.879,18.502,18.103,17.688,17.267,16.87,16.532,16.273,16.1,16.002,15.955,15.923,15.863,15.74,15.537,15.24,14.851,14.393,13.891,13.358,12.809,12.255,11.707,11.175,10.671,10.206,9.786,9.408,9.067,8.763,8.49,8.244,8.017,7.801,7.594,7.393,7.198,7.013,6.838,6.674,6.52,
Malawi,,,,,,,,,,,26.771,26.628,26.502,26.387,26.271,26.136,25.963,25.741,25.464,25.133,24.757,24.348,23.928,23.513,23.114,22.732,22.361,21.994,21.632,21.283,20.966,20.703,20.505,20.377,20.314,20.308,20.341,20.39,20.43,20.442,20.412,20.327,20.191,20.01,19.783,19.524,19.253,18.98,18.705,18.418,18.089,17.68,17.165,16.532,15.786,14.942,14.022,13.069,12.126,11.222,10.385,9.635,8.969,8.384,7.885,7.471,
Malaysia,,,,,,,,,,,10.582,10.123,9.683,9.263,8.868,8.5,8.165,7.864,7.594,7.355,7.144,6.957,6.789,6.635,6.49,6.352,6.221,6.097,5.98,5.869,5.761,5.655,5.551,5.448,5.347,5.249,5.156,5.07,4.991,4.92,4.856,4.797,4.742,4.689,4.639,4.59,4.543,4.499,4.459,4.427,4.404,4.395,4.4,4.421,4.454,4.498,4.547,4.597,4.644,4.689,4.73,4.771,4.815,4.865,4.921,4.983,
Maldives,,,,,,,,,,,28.041,27.623,27.121,26.545,25.909,25.221,24.488,23.715,22.908,22.08,21.239,20.385,19.525,18.665,17.818,17.001,16.227,15.505,14.836,14.221,13.658,13.139,12.65,12.176,11.708,11.236,10.752,10.256,9.751,9.239,8.724,8.212,7.712,7.233,6.781,6.359,5.97,5.611,5.282,4.982,4.71,4.466,4.247,4.053,3.885,3.749,3.651,3.594,3.575,3.588,3.624,3.668,3.711,3.743,3.76,3.761,
Mali,,,,,,,,,,,36.838,36.606,36.335,36.004,35.604,35.128,34.577,33.967,33.316,32.635,31.937,31.233,30.531,29.835,29.152,28.483,27.824,27.167,26.51,25.855,25.202,24.555,23.919,23.302,22.709,22.151,21.635,21.163,20.738,20.359,20.03,19.754,19.522,19.322,19.142,18.967,18.785,18.585,18.352,18.072,17.723,17.286,16.764,16.167,15.512,14.827,14.143,13.493,12.899,12.374,11.917,11.519,11.155,10.805,10.46,10.118,
Malta,,,,,,,,,,,8.6,9,8.8,9.2,8.6,9.4,9.1,9.6,9.4,9.9,10.1,10.2,9.6,9.7,9.1,9.5,9.7,9.4,10.5,9.5,10.2,9.6,9.4,9.5,8.8,8.4,8.3,8.4,7.8,7.4,7.8,8,8,7.4,7.3,7.3,7.4,7.6,8,8.1,7.7,7.4,7.6,7.9,7.5,7.8,7.9,7.6,7.9,7.8,7.3,7.8,8.1,7.6,7.7,8.994,
Marshall Islands,,,,,,,,,,,,,,,,,,,,,,,,,,,,,,,,,,,,,,5,,,,,,,,,4,,,4.9,,,,,,,,,,,,3.7,,,,,
Mauritania,,,,,,,,,,,20.343,19.827,19.324,18.843,18.389,17.967,17.576,17.211,16.865,16.533,16.214,15.904,15.601,15.3,14.999,14.688,14.36,14.016,13.657,13.288,12.917,12.554,12.211,11.895,11.612,11.365,11.155,10.975,10.818,10.68,10.553,10.434,10.317,10.2,10.083,9.968,9.861,9.767,9.687,9.62,9.561,9.504,9.442,9.369,9.281,9.176,9.052,8.913,8.764,8.608,8.454,8.306,8.17,8.05,7.947,7.861,
Mauritius,,,,,,,,,,,9.813,9.8,9.3,9.7,8.7,8.8,9,8.6,9.2,8.3,7.9,7.7,7.9,7.8,7.3,8.1,7.7,7.8,7.1,7.2,7.2,6.8,6.6,6.5,6.6,6.8,6.6,6.5,6.6,6.8,6.6,6.6,6.5,6.8,6.7,6.7,6.8,7,6.8,6.8,6.7,6.7,6.9,7,6.9,7,7.4,6.9,7.2,7.4,7.3,7.3,7.4,7.5,7.7,7.631,
Mexico,,,,,,,,,,,12.294,11.923,11.6,11.319,11.073,10.852,10.65,10.457,10.263,10.06,9.836,9.582,9.3,8.993,8.667,8.329,7.989,7.661,7.353,7.073,6.824,6.608,6.418,6.248,6.096,5.959,5.833,5.717,5.607,5.502,5.398,5.296,5.196,5.1,5.008,4.923,4.846,4.779,4.722,4.677,4.643,4.618,4.601,4.59,4.585,4.584,4.59,4.603,4.622,4.647,4.675,4.705,4.735,4.763,4.789,4.814,
"Micronesia, Fed. Sts.",,,,,,,,,,,11.696,11.378,11.068,10.769,10.483,10.214,9.966,9.74,9.533,9.344,9.165,8.988,8.807,8.62,8.426,8.229,8.037,7.858,7.698,7.558,7.437,7.329,7.228,7.131,7.033,6.936,6.842,6.752,6.67,6.597,6.533,6.477,6.428,6.386,6.351,6.324,6.306,6.298,6.298,6.306,6.318,6.331,6.343,6.35,6.351,6.345,6.333,6.315,6.295,6.273,6.25,6.227,6.204,6.182,6.164,6.149,
Moldova,,,,,,,,,,,11.646,11.351,11.058,10.769,10.489,10.227,9.996,9.803,9.657,9.56,9.514,9.515,9.556,9.627,9.724,9.849,10.01,10.204,10.423,10.647,10.847,10.984,11.039,11.009,10.9,10.738,10.56,10.408,10.314,10.294,10.355,10.491,10.676,10.882,11.094,11.291,11.453,11.576,11.657,11.699,11.716,11.732,11.764,11.823,11.906,11.99,12.045,12.045,11.981,11.857,11.696,11.531,11.397,11.321,11.311,11.363,
Monaco,,,,,,,,,,,,,,,,,,,,,,,,,,,,,,,,,,,,,,,,,,,,,,,,,,,,,,,15.9,,,,,,,,,,,,
Mongolia,,,,,,,,,,,19.855,19.381,18.88,18.364,17.844,17.328,16.817,16.314,15.823,15.353,14.918,14.528,14.188,13.9,13.661,13.469,13.319,13.197,13.088,12.979,12.851,12.689,12.488,12.247,11.967,11.654,11.322,10.985,10.658,10.348,10.058,9.79,9.536,9.29,9.052,8.817,8.584,8.352,8.123,7.899,7.689,7.501,7.341,7.209,7.104,7.016,6.931,6.839,6.733,6.613,6.485,6.36,6.251,6.168,6.113,6.087,
Montenegro,,,,,,,,,,,9.9,9.504,9.141,8.817,8.533,8.286,8.069,7.872,7.687,7.512,7.348,7.2,7.072,6.969,6.89,6.833,6.793,6.767,6.751,6.742,6.741,6.751,6.773,6.81,6.858,6.912,6.962,7.006,7.046,7.091,7.159,7.277,7.458,7.706,8.013,8.359,8.715,9.05,9.341,9.576,9.753,9.88,9.978,10.062,10.134,10.191,10.222,10.22,10.185,10.126,10.055,9.992,9.95,9.942,9.971,10.035,
Morocco,,,,,,,,,,,18.487,18.114,17.717,17.301,16.876,16.449,16.027,15.614,15.214,14.831,14.468,14.13,13.812,13.508,13.21,12.911,12.597,12.263,11.904,11.519,11.11,10.681,10.242,9.805,9.378,8.971,8.59,8.237,7.916,7.628,7.379,7.17,6.996,6.853,6.737,6.643,6.567,6.503,6.446,6.394,6.345,6.298,6.256,6.22,6.187,6.153,6.115,6.07,6.017,5.959,5.897,5.837,5.782,5.737,5.703,5.682,
Mozambique,,,,,,,,,,,28.705,28.229,27.778,27.351,26.943,26.549,26.157,25.76,25.357,24.946,24.528,24.105,23.686,23.287,22.921,22.614,22.394,22.27,22.234,22.274,22.358,22.448,22.505,22.498,22.415,22.256,22.039,21.792,21.535,21.268,20.979,20.648,20.256,19.8,19.287,18.734,18.169,17.618,17.102,16.63,16.206,15.821,15.457,15.099,14.741,14.38,14.013,13.644,13.28,12.922,12.579,12.257,11.961,11.693,11.452,11.235,
Myanmar,,,,,,,,,,,21.793,21.184,20.536,19.83,19.068,18.277,17.501,16.788,16.175,15.67,15.27,14.955,14.688,14.437,14.188,13.931,13.666,13.401,13.143,12.891,12.639,12.385,12.128,11.867,11.605,11.344,11.089,10.844,10.615,10.402,10.209,10.036,9.881,9.74,9.613,9.498,9.394,9.3,9.213,9.132,9.056,8.983,8.912,8.844,8.778,8.711,8.641,8.57,8.498,8.429,8.366,8.313,8.275,8.253,8.25,8.263,
Namibia,,,,,,,,,,,18.566,18.081,17.618,17.177,16.756,16.355,15.974,15.612,15.265,14.931,14.604,14.281,13.958,13.634,13.306,12.974,12.636,12.295,11.956,11.62,11.291,10.97,10.658,10.361,10.08,9.818,9.572,9.344,9.138,8.962,8.824,8.732,8.693,8.712,8.796,8.971,9.268,9.681,10.179,10.719,11.216,11.576,11.734,11.659,11.352,10.845,10.202,9.519,8.88,8.328,7.893,7.582,7.363,7.205,7.099,7.033,
Nauru,,,,,,,,,,,,,,,,,,,,,,,,,,,,,,,,,,,,,,,,,,,,,,,,,,,,,,,,,,,,,,,,,,,
Nepal,,,,,,,,,,,27.631,27.231,26.783,26.295,25.779,25.245,24.705,24.167,23.637,23.122,22.629,22.159,21.708,21.269,20.839,20.411,19.98,19.541,19.089,18.623,18.142,17.648,17.144,16.634,16.121,15.603,15.078,14.546,14.008,13.468,12.93,12.398,11.877,11.373,10.888,10.429,9.995,9.586,9.203,8.847,8.521,8.226,7.963,7.73,7.524,7.343,7.184,7.044,6.917,6.803,6.699,6.605,6.523,6.452,6.392,6.339,
Netherlands,,,,,,,,,,,7.6,7.6,7.9,8,7.7,8,8.1,7.9,8.2,8.4,8.4,8.4,8.5,8.2,8.1,8.3,8.3,7.9,8.2,8,8.1,8.1,8.2,8.2,8.3,8.5,8.6,8.3,8.4,8.7,8.6,8.6,8.6,9,8.7,8.8,8.9,8.7,8.8,8.9,8.8,8.7,8.8,8.7,8.4,8.4,8.3,8.1,8.2,8.1,8.2,8.1,8.4,8.4,8.3,8.542,
New Caledonia,,,,,,,,,,,10.1,9.3,8.5,8.566666667,8.633333333,8.7,9.45,10.2,9.9,9.6,9.3,9.4,7.8,7.8,7.9,7,7.8,6.7,6.6,6.9,7.2,6.4,6.3,5.7,6,5.8,5.7,5.7,5.9,5.9,5.4,5.6,5.2,5.2,5.6,5.3,5.2,5,4.8,5.2,5.1,5.2,5.1,5,4.9,4.9,4.7,5,4.7,4.8,4.8,5.2,5.1,5.2,5.3,7.02,
New Zealand,,,,,,,,,,,8.8,9,8.9,8.9,8.8,8.7,8.9,8.4,8.9,8.6,8.8,8.5,8.5,8.6,8.3,8.1,8.1,8.3,7.9,8.1,8.5,8,8,8.1,8.2,8.4,8.3,8.4,8.4,8.2,8.1,8,7.85,7.6,7.48,7.49,7.57,7.26,6.87,7.33,6.91,7.16,7.1,6.95,6.95,6.54,6.75,6.75,6.85,6.73,6.53,6.86,6.82,6.65,6.88,6.82,
Nicaragua,,,,,,,,,,,18.677,18.009,17.356,16.731,16.144,15.599,15.096,14.627,14.186,13.772,13.386,13.031,12.707,12.412,12.141,11.892,11.661,11.443,11.231,11.017,10.794,10.554,10.296,10.017,9.715,9.386,9.024,8.635,8.228,7.813,7.406,7.024,6.678,6.376,6.124,5.919,5.755,5.618,5.498,5.389,5.288,5.195,5.113,5.045,4.988,4.94,4.901,4.869,4.841,4.818,4.798,4.781,4.767,4.759,4.754,4.753,
Niger,,,,,,,,,,,28.3,28.288,28.266,28.231,28.182,28.121,28.053,27.979,27.902,27.82,27.73,27.632,27.52,27.387,27.227,27.03,26.78,26.477,26.127,25.741,25.343,24.962,24.619,24.325,24.078,23.869,23.675,23.467,23.219,22.918,22.551,22.115,21.622,21.084,20.509,19.906,19.283,18.649,18.015,17.389,16.781,16.198,15.637,15.095,14.567,14.038,13.49,12.914,12.309,11.686,11.065,10.478,9.949,9.494,9.12,8.819,
Nigeria,,,,,,,,,,,26.175,25.734,25.312,24.912,24.536,24.183,23.85,23.533,23.223,22.916,22.607,22.289,21.962,21.625,21.281,20.928,20.568,20.207,19.854,19.518,19.214,18.956,18.75,18.597,18.495,18.438,18.415,18.41,18.409,18.402,18.385,18.358,18.323,18.284,18.236,18.176,18.105,18.019,17.912,17.779,17.605,17.379,17.095,16.757,16.373,15.957,15.525,15.096,14.688,14.312,13.974,13.674,13.404,13.154,12.922,12.704,
Northern Mariana Islands,,,,,,,,,,,,,,,,,,,,,,,,,,,,,,,,,,,,,,,,,,,,,,,,,,,,,,,,,,,,,,,,,,,
Norway,,,,,,,,,,,9.1,9.2,9.4,10,9.5,9.4,9.6,9.6,9.9,10.1,10,10,10,10.1,9.9,10,10,9.8,10,10.2,10.1,10.2,10.1,10.2,10.3,10.7,10.5,10.7,10.8,10.7,10.9,10.5,10.4,10.8,10.2,10.4,10,10.1,10,10.1,9.8,9.7,9.8,9.3,9,8.9,8.9,8.9,8.7,8.6,8.5,8.4,8.4,8.1,7.9,8.156,
Oman,,,,,,,,,,,22.457,21.778,21.12,20.479,19.854,19.244,18.65,18.072,17.504,16.942,16.376,15.798,15.202,14.586,13.95,13.298,12.635,11.969,11.312,10.672,10.054,9.463,8.9,8.365,7.861,7.39,6.951,6.543,6.162,5.809,5.483,5.184,4.913,4.667,4.446,4.247,4.068,3.909,3.766,3.638,3.522,3.417,3.324,3.24,3.165,3.096,3.033,2.974,2.92,2.871,2.824,2.782,2.744,2.711,2.685,2.666,
Pakistan,,,,,,,,,,,20.715,20.016,19.354,18.725,18.128,17.559,17.02,16.51,16.031,15.584,15.168,14.788,14.443,14.132,13.852,13.599,13.369,13.159,12.961,12.773,12.592,12.417,12.249,12.085,11.924,11.759,11.585,11.399,11.201,10.992,10.772,10.547,10.321,10.099,9.885,9.677,9.476,9.279,9.086,8.901,8.727,8.572,8.439,8.328,8.238,8.162,8.093,8.024,7.947,7.862,7.77,7.673,7.578,7.49,7.41,7.339,
Palau,,,,,,,,,,,,,,,,,,,,,,,,,,,,,,,,,,,,,,,,,7.7,6.5,7.3,7.1,7.7,6.4,8.2,6.7,6.8,6.9,6.5,7,6.7,6.7,6.9,6.7,7.2,7.5,8.4,8.5,8.1,8.3,7.8,11,,,
Panama,,,,,,,,,,,9.881,9.617,9.362,9.117,8.88,8.651,8.427,8.205,7.982,7.759,7.533,7.304,7.073,6.845,6.622,6.407,6.207,6.023,5.858,5.713,5.587,5.48,5.389,5.309,5.238,5.175,5.118,5.067,5.022,4.981,4.944,4.911,4.883,4.859,4.839,4.822,4.808,4.796,4.787,4.779,4.775,4.774,4.779,4.788,4.802,4.819,4.839,4.86,4.88,4.9,4.92,4.94,4.962,4.986,5.014,5.044,
Papua New Guinea,,,,,,,,,,,24.284,23.589,22.87,22.124,21.36,20.593,19.849,19.147,18.501,17.914,17.38,16.883,16.404,15.924,15.434,14.926,14.394,13.845,13.295,12.757,12.258,11.825,11.475,11.213,11.035,10.924,10.854,10.793,10.717,10.614,10.482,10.33,10.175,10.031,9.899,9.778,9.663,9.546,9.421,9.286,9.139,8.979,8.808,8.633,8.459,8.294,8.145,8.019,7.916,7.839,7.785,7.748,7.721,7.697,7.674,7.649,
Paraguay,,,,,,,,,,,8.226,8.112,8.006,7.912,7.83,7.757,7.684,7.604,7.513,7.413,7.307,7.204,7.112,7.036,6.978,6.939,6.916,6.901,6.89,6.878,6.864,6.846,6.824,6.799,6.769,6.732,6.686,6.632,6.569,6.501,6.429,6.357,6.287,6.221,6.161,6.102,6.043,5.98,5.912,5.842,5.771,5.708,5.655,5.616,5.591,5.579,5.576,5.577,5.578,5.578,5.58,5.585,5.598,5.62,5.652,5.693,
Peru,,,,,,,,,,,18.736,18.314,17.902,17.503,17.112,16.713,16.288,15.823,15.314,14.768,14.2,13.634,13.093,12.594,12.144,11.738,11.365,11.007,10.649,10.288,9.926,9.57,9.229,8.912,8.62,8.353,8.111,7.887,7.678,7.479,7.289,7.106,6.929,6.76,6.597,6.441,6.291,6.149,6.016,5.895,5.788,5.699,5.628,5.575,5.54,5.521,5.518,5.526,5.542,5.561,5.581,5.598,5.61,5.618,5.62,5.619,
Philippines,,,,,,,,,,,11.181,10.921,10.669,10.424,10.188,9.959,9.734,9.515,9.302,9.1,8.917,8.764,8.646,8.562,8.508,8.472,8.443,8.406,8.349,8.266,8.152,8.007,7.84,7.66,7.473,7.288,7.113,6.952,6.81,6.689,6.59,6.512,6.448,6.395,6.348,6.307,6.271,6.239,6.213,6.19,6.169,6.147,6.125,6.105,6.089,6.086,6.103,6.145,6.212,6.3,6.402,6.506,6.6,6.678,6.735,6.773,
Poland,,,,,,,,,,,7.6,7.6,7.9,7.5,7.6,7.4,7.4,7.7,7.6,8.1,8.2,8.7,8,8.4,8.2,8.7,8.9,9,9.4,9.2,9.8,9.2,9.3,9.6,10,10.3,10.1,10.1,9.9,10.1,10.2,10.6,10.3,10.2,10,10,10,9.8,9.7,9.9,9.6,9.5,9.4,9.6,9.5,9.6,9.7,9.9,10,10.1,9.9,9.9,10.1,10.2,9.9,10.047,
Portugal,,,,,,,,,,,10.7,11.2,10.8,10.9,10.7,10.6,11.2,10.8,10.7,11.5,10.7,11.4,10.5,11.1,11.1,10.8,10.9,10.2,10.1,9.6,9.7,9.7,9.3,9.7,9.7,9.7,9.5,9.5,9.8,9.6,10.3,10.4,10.1,10.6,9.9,10.3,10.6,10.4,10.5,10.6,10.2,10.1,10.2,10.4,9.7,10.2,9.7,9.8,9.9,9.9,10,9.7,10.2,10.2,10.1,10.492,
Puerto Rico,,,,,,,,,,,6.7,6.8,6.8,7,7.3,6.8,6.7,6.3,6.5,6.5,6.7,6.5,6.6,6.5,6.7,6.5,6.6,6.4,6.3,6.4,6.4,6.5,6.5,6.5,6.6,7.1,7.2,7.3,7.35,7.4,7.3,7.4,7.6,7.8,7.7,8.1,8,7.7,7.8,7.7,7.48,7.5,7.28,7.31,7.46,7.6,7.29,7.44,7.61,7.78,7.833,8,8.1,8.2,8.3,7.935,
Qatar,,,,,,,,,,,9.279,8.769,8.27,7.785,7.318,6.872,6.451,6.057,5.692,5.358,5.055,4.785,4.545,4.332,4.141,3.966,3.801,3.642,3.486,3.331,3.177,3.025,2.881,2.747,2.626,2.518,2.427,2.349,2.285,2.234,2.194,2.166,2.148,2.137,2.131,2.128,2.124,2.12,2.113,2.101,2.081,2.051,2.01,1.961,1.904,1.842,1.776,1.712,1.651,1.598,1.554,1.52,1.497,1.484,1.48,1.486,
Romania,,,,,,,,,,,8.7,8.7,9.2,8.3,8.1,8.6,8.2,9.2,9.5,10.1,9.5,9.5,9.2,9.8,9.1,9.3,9.5,9.6,9.7,9.8,10.4,10,10,10.4,10.3,10.8,10.6,11.1,11,10.7,10.6,10.9,11.6,11.6,11.7,12,12.7,12.4,12,11.8,11.4,11.7,12.4,12.4,12.1,12.3,12.2,12.1,12.3,12.6,12.8,12.5,12.7,12.4,12.7,13.283,
Russian Federation,,,,,,,,,,,8.293,8.165,8.088,8.057,8.07,8.122,8.21,8.332,8.48,8.65,8.834,9.031,9.237,9.449,9.663,9.878,10.095,10.314,10.532,10.8,11,10.9,10.7,11.1,11.6,11.3,10.4,10.5,10.7,10.7,11.2,11.4,12.2,14.5,15.7,15,14.2,13.8,13.5,14.6,15.3,15.6,15.4,16.4,16,16.1,15.2,14.6,14.5,14.1,14.2,13.5,13.3,13,13.1,13.962,
Rwanda,,,,,,,,,,,22.98,22.652,22.307,21.953,21.599,21.264,20.972,20.735,20.557,20.438,20.372,20.35,20.348,20.337,20.295,20.179,19.946,19.591,19.126,18.582,17.929,17.129,16.25,15.434,14.859,15,16.408,19.236,23.342,28.353,33.409,37.428,39.597,39.476,37.065,32.83,27.616,22.503,18.325,15.411,13.806,13.24,13.099,12.897,12.488,11.82,10.952,10.064,9.294,8.664,8.179,7.817,7.532,7.283,7.053,6.833,
Samoa,,,,,,,,,,,14.566,14.153,13.748,13.352,12.968,12.598,12.249,11.921,11.616,11.334,11.072,10.828,10.595,10.37,10.15,9.934,9.721,9.513,9.312,9.116,8.927,8.743,8.564,8.39,8.221,8.056,7.893,7.733,7.574,7.419,7.267,7.12,6.977,6.841,6.713,6.591,6.476,6.367,6.265,6.169,6.082,6.007,5.945,5.893,5.852,5.816,5.78,5.74,5.693,5.64,5.581,5.521,5.463,5.411,5.368,5.334,
San Marino,,,,,,,,,,,,,,,,,,,,,,,,,,,,,,,,,,,,,,,,,,,,,,,,,,,,,,,6.3,7.3,7.5,7.2,6,6.266666667,6.533333333,6.8,7.1,7.4,7.7,,
Sao Tome and Principe,,,,,,,,,,,17.793,17.378,16.877,16.281,15.605,14.901,14.238,13.677,13.252,12.965,12.777,12.623,12.433,12.165,11.817,11.424,11.048,10.752,10.579,10.531,10.586,10.7,10.813,10.879,10.878,10.805,10.673,10.511,10.346,10.188,10.044,9.917,9.802,9.694,9.593,9.497,9.406,9.316,9.224,9.125,9.014,8.884,8.733,8.564,8.379,8.186,7.994,7.811,7.644,7.496,7.366,7.249,7.14,7.032,6.923,6.814,
Saudi Arabia,,,,,,,,,,,20.319,19.934,19.537,19.12,18.677,18.195,17.665,17.083,16.453,15.779,15.067,14.325,13.568,12.811,12.067,11.349,10.664,10.014,9.401,8.828,8.297,7.808,7.356,6.937,6.55,6.195,5.875,5.589,5.337,5.114,4.917,4.742,4.585,4.441,4.307,4.181,4.062,3.954,3.855,3.768,3.692,3.628,3.577,3.537,3.508,3.486,3.469,3.453,3.439,3.425,3.411,3.399,3.392,3.392,3.4,3.418,
Senegal,,,,,,,,,,,26.053,25.858,25.734,25.672,25.655,25.654,25.637,25.57,25.422,25.171,24.793,24.274,23.631,22.887,22.063,21.186,20.288,19.398,18.539,17.728,16.966,16.243,15.54,14.849,14.176,13.537,12.952,12.438,12.007,11.664,11.413,11.254,11.172,11.143,11.148,11.162,11.163,11.137,11.069,10.949,10.77,10.531,10.248,9.933,9.594,9.237,8.865,8.484,8.101,7.725,7.366,7.032,6.726,6.45,6.205,5.99,
Serbia,,,,,,,,,,,,,,,,,,,,,,,,,,,,,,,,,,,,,,,,,,11.7,,,,12.3,12.9,12.91,13.13,13.5,13.8,13.2,13.7,13.9,14,14.3,13.88,13.92,13.97,14.2,14.2,14.2,14.2,14,14.2,12.879,
Seychelles,,,,,,,,,,,,,,,,,,,,,,,,,8.5,7.3,7.7,7.7,7.4,6.9,7,7.2,7.4,7,7.5,7.2,7.6,7.4,7.36,7.32,7.28,7.24,7.2,7.133333333,7.066666667,7,7.4,7.8,7.2,7,6.8,6.8,7.7,8.1,7.2,8.1,7.8,7.4,7.6,7.8,7.4,7.9,7.4,8,7.9,7.628,
Sierra Leone,,,,,,,,,,,33.289,33.053,32.82,32.578,32.31,31.986,31.572,31.058,30.444,29.743,28.979,28.187,27.408,26.681,26.028,25.461,24.979,24.564,24.208,23.915,23.696,23.562,23.521,23.575,23.722,23.975,24.346,24.822,25.371,25.953,26.517,27.012,27.395,27.626,27.678,27.521,27.143,26.574,25.852,25.009,24.082,23.11,22.127,21.166,20.251,19.391,18.579,17.794,17.028,16.289,15.594,14.964,14.415,13.953,13.573,13.268,
Singapore,,,,,,,,,,,6.2,5.9,5.9,5.7,5.7,5.5,5.5,5.4,5.5,5,5.2,5.3,5.4,5.5,5.3,5.1,5.1,5.1,5.1,5.2,5.2,5.3,5.2,5,4.8,4.9,4.6,4.7,4.9,4.9,4.8,4.7,4.7,4.6,4.7,4.8,5.1,4.1,4.6,4.5,3.9,4.4,4.5,4.5,4.4,4.4,4.4,4.5,4.4,4.3,4.4,4.5,4.5,4.6,4.7,4.752,
Sint Maarten (Dutch part),,,,,,,,,,,,,,,,,,,,,,,,,,,,,,,,,,,,,,,,,,,,,,,,,,,,,,,,3.4,3.6,3.2,3.8,3.1,4.1,5.1,5.4,4.7,,,
Slovak Republic,,,,,,,,,,,7.8,7.5,8.1,7.7,7.6,8.2,8.2,8,8.5,9,9.3,9.4,9,9.4,9.6,9.5,9.5,9.7,9.8,9.7,10.2,9.9,10,10.3,10.1,10.2,10.2,10,10,10.2,10.3,10.3,10.1,9.9,9.6,9.8,9.5,9.7,9.9,9.7,9.8,9.7,9.6,9.7,9.7,10,9.9,10,9.9,9.8,9.9,9.6,9.7,9.6,9.5,9.99,
Slovenia,,,,,,,,,,,9.6,8.8,9.9,9.3,10.2,9.7,9.1,9.7,10.2,10.8,10.1,10,10.4,10,9.7,10.1,10,9.6,9.9,9.6,9.9,9.8,10.3,10.8,10.5,10.2,9.9,10,9.6,9.4,9.3,9.7,9.7,10,9.7,9.5,9.4,9.5,9.6,9.5,9.3,9.3,9.4,9.7,9.3,9.4,9.1,9.2,9.1,9.2,9.1,9.1,9.4,9.4,9.2,9.686,
Solomon Islands,,,,,,,,,,,15.668,15.393,15.121,14.854,14.594,14.346,14.115,13.901,13.701,13.509,13.314,13.099,12.857,12.583,12.282,11.959,11.622,11.29,10.981,10.716,10.525,10.442,10.47,10.597,10.798,11.028,11.228,11.35,11.358,11.24,11.002,10.669,10.29,9.906,9.536,9.191,8.869,8.559,8.253,7.956,7.672,7.408,7.169,6.957,6.772,6.615,6.482,6.368,6.267,6.175,6.089,6.005,5.925,5.848,5.772,5.7,
Somalia,,,,,,,,,,,26.751,26.371,25.994,25.62,25.25,24.882,24.517,24.155,23.796,23.441,23.089,22.742,22.399,22.062,21.732,21.41,21.095,20.789,20.494,20.215,19.952,19.705,19.478,19.277,19.112,19.012,19.016,19.128,19.33,19.586,19.821,19.945,19.896,19.643,19.187,18.571,17.864,17.16,16.532,16.011,15.608,15.308,15.062,14.829,14.595,14.351,14.093,13.828,13.563,13.297,13.033,12.772,12.517,12.271,12.035,11.807,
South Africa,,,,,,,,,,,16.993,16.683,16.383,16.084,15.782,15.473,15.157,14.837,14.517,14.197,13.879,13.569,13.266,12.969,12.678,12.386,12.085,11.771,11.442,11.1,10.748,10.393,10.043,9.708,9.393,9.099,8.821,8.559,8.319,8.112,7.954,7.859,7.841,7.912,8.084,8.381,8.826,9.412,10.113,10.894,11.71,12.51,13.246,13.871,14.351,14.647,14.734,14.637,14.396,14.043,13.635,13.23,12.88,12.617,12.461,12.409,
South Sudan,,,,,,,,,,,32.461,32.037,31.627,31.217,30.799,30.369,29.928,29.487,29.051,28.621,28.191,27.755,27.31,26.859,26.409,25.977,25.586,25.246,24.96,24.723,24.52,24.332,24.132,23.898,23.615,23.27,22.857,22.386,21.871,21.32,20.749,20.17,19.597,19.043,18.518,18.028,17.574,17.148,16.746,16.363,16,15.653,15.321,15.001,14.687,14.375,14.058,13.735,13.407,13.075,12.745,12.426,12.124,11.844,11.587,11.352,
Spain,,,,,,,,,,,8.6,8.3,8.7,8.8,8.4,8.4,8.4,8.4,8.4,8.9,8.3,8.9,8.1,8.5,8.4,8.4,8.3,8.1,8,7.8,7.7,7.8,7.6,7.9,7.8,8.1,8.1,8,8.3,8.4,8.6,8.7,8.5,8.7,8.6,8.8,8.9,8.8,9.1,9.3,9,8.8,8.8,9.1,8.6,8.8,8.3,8.5,8.4,8.3,8.2,8.3,8.6,8.3,8.5,8.976,
Sri Lanka,,,,,,,,,,,12.263,11.681,11.143,10.64,10.165,9.713,9.284,8.883,8.514,8.177,7.875,7.612,7.389,7.202,7.046,6.912,6.788,6.666,6.543,6.421,6.308,6.219,6.166,6.155,6.184,6.241,6.31,6.373,6.421,6.456,6.496,6.569,6.692,6.866,7.077,7.283,7.433,7.487,7.426,7.256,7.004,6.72,6.459,6.263,6.152,6.126,6.17,6.249,6.335,6.417,6.49,6.553,6.616,6.685,6.761,6.844,
St. Kitts and Nevis,,,,,,,,,,,,,,,,,,,,,10.9,,,,,,9.7,11.6,10.6,12.1,11.3,10.2,11.2,10.6,10.9,10.2,10.5,10.4,10.5,10.9,,,10.5,,,9.4,11.2,12.3,,,,7.6,10.8,,,,,,,,,,,,,,
St. Lucia,,,,,,,,,,,13.574,12.991,12.424,11.894,11.414,10.987,10.608,10.259,9.925,9.601,9.286,8.979,8.683,8.4,8.13,7.869,7.613,7.363,7.119,6.884,6.663,6.457,6.274,6.121,6.004,5.934,5.924,5.973,6.077,6.227,6.409,6.609,6.807,6.987,7.138,7.253,7.331,7.38,7.406,7.408,7.381,7.316,7.214,7.082,6.934,6.791,6.68,6.616,6.61,6.661,6.759,6.884,7.011,7.12,7.203,7.257,
St. Martin (French part),,,,,,,,,,,,,,,,,,,,,,,,,,,,,,,,,3.6,3.5,3.4,3.4,3.1,3.1,2.9,2.9,2.8,2.6,2.8,2.8,2.8,2.9,3,3,3.1,3.2,3.3,3.4,3.5,3.5,3.6,3.7,3.7,3.7,3.7,3.8,3.8,3.9,4,4,4.1,,
St. Vincent and the Grenadines,,,,,,,,,,,13.482,12.85,12.22,11.61,11.036,10.51,10.039,9.623,9.257,8.943,8.685,8.486,8.34,8.237,8.163,8.104,8.039,7.959,7.855,7.725,7.573,7.406,7.24,7.09,6.96,6.856,6.778,6.721,6.682,6.66,6.656,6.671,6.704,6.754,6.817,6.892,6.977,7.069,7.162,7.251,7.329,7.389,7.429,7.447,7.443,7.416,7.369,7.307,7.238,7.17,7.111,7.068,7.047,7.049,7.076,7.127,
Sudan,,,,,,,,,,,17.514,17.211,16.918,16.632,16.351,16.073,15.796,15.521,15.25,14.985,14.732,14.494,14.276,14.078,13.903,13.749,13.615,13.497,13.388,13.286,13.185,13.081,12.974,12.862,12.744,12.622,12.498,12.376,12.257,12.141,12.026,11.909,11.787,11.658,11.52,11.371,11.214,11.048,10.876,10.698,10.512,10.319,10.119,9.911,9.698,9.48,9.257,9.031,8.807,8.588,8.381,8.193,8.026,7.882,7.762,7.662,
Suriname,,,,,,,,,,,11.369,11.017,10.676,10.344,10.021,9.712,9.428,9.174,8.955,8.767,8.602,8.446,8.289,8.125,7.954,7.783,7.623,7.488,7.386,7.319,7.284,7.275,7.282,7.294,7.305,7.31,7.306,7.296,7.281,7.261,7.239,7.215,7.194,7.178,7.17,7.174,7.195,7.233,7.285,7.346,7.408,7.46,7.495,7.508,7.499,7.47,7.428,7.383,7.345,7.317,7.305,7.311,7.331,7.364,7.408,7.461,
Swaziland,,,,,,,,,,,20.169,19.947,19.741,19.546,19.351,19.142,18.905,18.631,18.317,17.96,17.564,17.138,16.694,16.244,15.795,15.349,14.904,14.455,14.004,13.552,13.106,12.668,12.243,11.838,11.456,11.094,10.743,10.402,10.082,9.8,9.587,9.475,9.486,9.634,9.921,10.359,10.954,11.673,12.47,13.294,14.076,14.742,15.252,15.581,15.72,15.68,15.494,15.225,14.937,14.667,14.454,14.326,14.276,14.293,14.37,14.485,
Sweden,,,,,,,,,,,10,9.8,10.2,10.1,10,10.1,10,10.1,10.4,10.5,9.9,10.2,10.3,10.5,10.6,10.8,11,10.7,10.8,11,11,11.1,10.9,10.9,10.9,11.3,11.1,11.1,11.5,10.8,11.1,11,10.9,11.1,10.5,10.6,10.6,10.6,10.5,10.7,10.5,10.5,10.6,10.4,10.1,10.2,10,10,9.9,9.7,9.6,9.5,9.7,9.4,9.2,9.208,
Switzerland,,,,,,,,,,,9.8,9.4,9.9,10,9.3,9.5,9.4,9.2,9.5,9.5,9.2,9.3,9,9,8.9,8.8,9.1,8.9,9.2,9.1,9.4,9.4,9.3,9.5,9.1,9.2,9.2,9.3,9,9.2,9.5,9.2,9.1,9,8.9,9,8.9,8.9,8.8,8.7,8.7,8.5,8.5,8.6,8.1,8.2,8.1,8.1,8,8.1,8,7.8,8,8,7.8,8.047,
Syrian Arab Republic,,,,,,,,,,,15.641,15.151,14.66,14.168,13.678,13.188,12.697,12.208,11.72,11.237,10.763,10.301,9.854,9.424,9.013,8.62,8.246,7.887,7.541,7.21,6.891,6.588,6.299,6.027,5.773,5.536,5.319,5.121,4.941,4.78,4.636,4.508,4.396,4.298,4.21,4.133,4.064,4.002,3.947,3.896,3.841,3.769,3.682,3.588,3.5,3.452,3.485,3.617,3.853,4.177,4.554,4.933,5.266,5.514,5.663,5.715,
Tajikistan,,,,,,,,,,,15.101,14.754,14.399,14.047,13.709,13.39,13.094,12.814,12.546,12.29,12.044,11.804,11.568,11.338,11.115,10.908,10.726,10.574,10.453,10.363,10.296,10.242,10.189,10.132,10.066,9.997,9.936,9.89,9.862,9.844,9.825,9.787,9.714,9.598,9.435,9.225,8.973,8.693,8.401,8.106,7.814,7.531,7.257,6.997,6.754,6.534,6.342,6.178,6.039,5.925,5.833,5.76,5.701,5.652,5.608,5.568,
Tanzania,,,,,,,,,,,20.502,20.313,20.125,19.931,19.726,19.507,19.271,19.019,18.754,18.476,18.185,17.878,17.559,17.233,16.908,16.594,16.3,16.034,15.801,15.603,15.439,15.302,15.184,15.081,14.993,14.927,14.896,14.905,14.952,15.032,15.135,15.251,15.363,15.451,15.494,15.472,15.365,15.169,14.886,14.517,14.069,13.55,12.981,12.384,11.776,11.169,10.568,9.977,9.402,8.855,8.351,7.902,7.512,7.18,6.905,6.682,
Thailand,,,,,,,,,,,13.18,12.852,12.533,12.225,11.928,11.637,11.345,11.045,10.732,10.406,10.071,9.729,9.389,9.058,8.74,8.443,8.171,7.923,7.698,7.49,7.289,7.079,6.854,6.614,6.366,6.128,5.922,5.77,5.683,5.664,5.709,5.808,5.938,6.081,6.223,6.357,6.479,6.592,6.696,6.791,6.872,6.935,6.982,7.017,7.045,7.072,7.106,7.153,7.218,7.303,7.405,7.522,7.647,7.774,7.901,8.028,
Timor-Leste,,,,,,,,,,,29.311,28.758,28.213,27.668,27.118,26.524,25.837,25.061,24.24,23.441,22.843,22.661,22.988,23.814,25.041,26.424,27.64,28.403,28.528,27.971,26.795,25.177,23.407,21.73,20.26,19.066,18.153,17.422,16.79,16.23,15.717,15.225,14.738,14.239,13.712,13.141,12.517,11.853,11.166,10.469,9.778,9.111,8.487,7.923,7.436,7.049,6.782,6.628,6.572,6.598,6.675,6.769,6.848,6.888,6.876,6.809,
Togo,,,,,,,,,,,24.13,23.516,22.93,22.368,21.825,21.299,20.787,20.289,19.804,19.332,18.87,18.418,17.975,17.543,17.12,16.704,16.293,15.888,15.49,15.101,14.722,14.355,14.005,13.673,13.365,13.081,12.821,12.584,12.375,12.198,12.067,11.997,11.991,12.046,12.15,12.285,12.431,12.564,12.663,12.712,12.703,12.633,12.513,12.352,12.154,11.915,11.635,11.317,10.969,10.602,10.23,9.868,9.528,9.216,8.94,8.699,
Tonga,,,,,,,,,,,9.034,8.853,8.64,8.399,8.136,7.861,7.58,7.302,7.037,6.793,6.581,6.41,6.279,6.184,6.122,6.089,6.076,6.074,6.073,6.068,6.053,6.027,5.994,5.956,5.919,5.887,5.868,5.866,5.881,5.915,5.963,6.019,6.076,6.128,6.171,6.204,6.226,6.241,6.251,6.257,6.26,6.26,6.259,6.255,6.249,6.24,6.228,6.212,6.192,6.168,6.141,6.111,6.08,6.048,6.016,5.985,
Trinidad and Tobago,,,,,,,,,,,8.939,8.642,8.369,8.122,7.906,7.727,7.591,7.497,7.442,7.419,7.422,7.438,7.46,7.478,7.49,7.494,7.496,7.503,7.519,7.543,7.572,7.6,7.623,7.637,7.641,7.635,7.62,7.601,7.583,7.568,7.56,7.561,7.572,7.594,7.628,7.674,7.733,7.805,7.886,7.976,8.073,8.177,8.286,8.398,8.51,8.618,8.719,8.811,8.895,8.973,9.046,9.121,9.201,9.291,9.392,9.507,
Tunisia,,,,,,,,,,,22.241,21.689,21.063,20.366,19.605,18.788,17.924,17.03,16.126,15.232,14.371,13.562,12.81,12.119,11.492,10.921,10.395,9.896,9.414,8.946,8.498,8.081,7.706,7.38,7.1,6.862,6.655,6.466,6.288,6.114,5.6,5.6,5.5,5.7,5.7,5.8,5.5,5.6,5.6,5.7,5.6,5.6,5.8,6.1,6,5.9,5.6,5.5,5.8,5.7,5.7,5.9,6.1,6.2,6.2,6.593,
Turkey,,,,,,,,,,,20.494,19.83,19.165,18.513,17.885,17.294,16.75,16.252,15.795,15.376,14.988,14.622,14.265,13.907,13.543,13.17,12.788,12.402,12.018,11.638,11.263,10.895,10.533,10.18,9.84,9.515,9.212,8.93,8.671,8.433,8.213,8.007,7.81,7.619,7.431,7.245,7.061,6.881,6.709,6.547,6.399,6.266,6.152,6.056,5.977,5.916,5.868,5.83,5.8,5.775,5.755,5.739,5.729,5.725,5.727,5.735,
Turkmenistan,,,,,,,,,,,15.801,15.461,15.087,14.673,14.223,13.751,13.278,12.827,12.418,12.057,11.748,11.486,11.256,11.045,10.847,10.658,10.476,10.302,10.136,9.978,9.826,9.683,9.549,9.424,9.309,9.206,9.116,9.037,8.968,8.902,8.831,8.743,8.631,8.497,8.345,8.184,8.029,7.896,7.794,7.726,7.692,7.686,7.695,7.71,7.724,7.734,7.74,7.744,7.748,7.752,7.755,7.759,7.763,7.769,7.778,7.789,
Turks and Caicos Islands,,,,,,,,,,,,,,,,,,,,,,,,,,,,,,,,,,,,,,,,,,,,,,,,,,,,,,,,,,,,,,,,,,,
Tuvalu,,,,,,,,,,,,,,,,,,,,,,,,,,,,,,,,,,,,,,,,,,,,,,,,,,,,,,,,,,,,,,,,,,,
Uganda,,,,,,,,,,,20.704,20.209,19.719,19.237,18.773,18.337,17.942,17.596,17.304,17.068,16.887,16.756,16.665,16.603,16.564,16.542,16.532,16.534,16.551,16.584,16.641,16.731,16.86,17.028,17.231,17.465,17.726,18,18.269,18.517,18.727,18.89,18.997,19.036,18.996,18.856,18.598,18.224,17.743,17.172,16.53,15.839,15.13,14.43,13.763,13.151,12.605,12.12,11.688,11.304,10.957,10.63,10.309,9.985,9.654,9.324,
Ukraine,,,,,,,,,,,8.674,8.417,8.227,8.11,8.067,8.093,8.178,8.307,8.465,8.643,8.835,9.039,9.258,9.493,9.74,10.001,10.28,10.576,10.881,11.182,11.452,11.3,11.3,11.5,12,11.794,11.1,11.4,11.6,11.6,12.1,12.9,13.4,14.2,14.7,15.4,15.2,14.9,14.3,14.8,15.3,15.3,15.3,16.00821535,16.04371612,16.6,16.2,16.4,16.31,15.3,15.2,14.5,14.5,14.6,14.7,15.387,
United Arab Emirates,,,,,,,,,,,15.181,14.223,13.275,12.347,11.452,10.602,9.804,9.061,8.375,7.748,7.18,6.67,6.21,5.794,5.417,5.077,4.773,4.503,4.266,4.055,3.869,3.703,3.556,3.424,3.304,3.191,3.083,2.981,2.882,2.786,2.691,2.597,2.504,2.415,2.328,2.245,2.166,2.092,2.023,1.959,1.897,1.837,1.778,1.72,1.663,1.61,1.563,1.524,1.497,1.481,1.479,1.49,1.513,1.546,1.589,1.641,
United Kingdom,,,,,,,,,,,11.5,12,11.9,12.2,11.3,11.6,11.8,11.2,11.9,11.9,11.8,11.5,12,11.9,11.9,11.8,12.1,11.7,11.9,12,11.7,11.7,11.8,11.7,11.4,11.9,11.7,11.3,11.4,11.5,11.2,11.3,11,11.4,10.8,11.1,10.9,10.8,10.8,10.8,10.3,10.2,10.2,10.2,9.7,9.6,9.4,9.4,9.4,9,8.9,8.7,8.9,9,8.8,9.119,
United States,,,,,,,,,,,9.5,9.3,9.5,9.6,9.4,9.4,9.5,9.4,9.8,9.5,9.5,9.3,9.4,9.3,9.1,8.8,8.8,8.6,8.7,8.5,8.8,8.6,8.5,8.6,8.7,8.7,8.7,8.6,8.9,8.8,8.6,8.6,8.5,8.8,8.8,8.8,8.8,8.7,8.6,8.6,8.5,8.5,8.5,8.4,8.2,8.3,8.1,8,8.1,7.9,8,8.1,8.1,8.1,8.1,8.328,
Uruguay,,,,,,,,,,,9.735,9.646,9.574,9.525,9.501,9.505,9.537,9.592,9.663,9.744,9.829,9.91,9.984,10.045,10.089,10.112,10.113,10.093,10.058,10.013,9.963,9.917,9.88,9.856,9.844,9.842,9.844,9.844,9.836,9.818,9.788,9.747,9.699,9.647,9.596,9.548,9.507,9.475,9.452,9.436,9.424,9.412,9.395,9.371,9.34,9.306,9.275,9.251,9.239,9.238,9.249,9.267,9.289,9.31,9.329,9.344,
Uzbekistan,,,,,,,,,,,13.7,13.37,13.015,12.641,12.257,11.874,11.502,11.149,10.821,10.524,10.261,10.032,9.833,9.654,9.492,9.338,9.185,9.029,8.868,7,7.5,7.2,7.4,7.5,7.5,7.2,7.1,7,6.9,6.3,6.1,6.2,6.5,6.6,6.6,6.4,6.2,5.8,5.9,5.368992414,5.500840676,5.309233446,5.422163408,5.316598549,5.040019316,5.372602715,5.271090805,5.11500451,5.083453285,4.8,4.9,4.9,4.9,4.8,4.9,7.055,
Vanuatu,,,,,,,,,,,18.312,17.781,17.25,16.719,16.193,15.681,15.193,14.734,14.309,13.918,13.554,13.209,12.873,12.538,12.2,11.856,11.509,11.165,10.829,10.506,10.2,9.918,9.661,9.428,9.217,9.025,8.844,8.67,8.495,8.316,8.133,7.947,7.76,7.577,7.395,7.212,7.025,6.832,6.634,6.431,6.227,6.026,5.832,5.649,5.483,5.334,5.206,5.098,5.007,4.932,4.872,4.826,4.789,4.761,4.737,4.718,
"Venezuela, RB",,,,,,,,,,,10.017,9.721,9.419,9.111,8.798,8.481,8.162,7.847,7.54,7.248,6.977,6.733,6.52,6.335,6.18,6.05,5.941,5.846,5.76,5.68,5.605,5.538,5.481,5.435,5.4,5.374,5.355,5.339,5.324,5.308,5.289,5.264,5.234,5.2,5.163,5.125,5.087,5.051,5.02,4.997,4.983,4.981,4.991,5.012,5.043,5.083,5.131,5.183,5.239,5.294,5.348,5.398,5.444,5.488,5.528,5.567,
Vietnam,,,,,,,,,,,12.044,11.658,11.271,10.897,10.561,10.324,10.256,10.378,10.669,11.083,11.508,11.802,11.862,11.632,11.115,10.375,9.522,8.701,8.02,7.526,7.226,7.088,7.033,6.992,6.941,6.866,6.767,6.66,6.558,6.459,6.362,6.263,6.162,6.06,5.957,5.858,5.767,5.687,5.621,5.572,5.54,5.524,5.521,5.529,5.544,5.565,5.59,5.617,5.646,5.674,5.702,5.73,5.757,5.785,5.815,5.847,
Virgin Islands (U.S.),,,,,,,,,,,10,9.68,9.36,9.04,8.72,8.4,8.088888889,7.777777778,7.466666667,7.155555556,6.844444444,6.533333333,6.222222222,5.911111111,5.6,5.2,5.4,5.35,5.3,5.257142857,5.214285714,5.171428571,5.128571429,5.085714286,5.042857143,5,5,5,4.875,4.75,4.625,4.5,4.5,4.675,4.85,5.025,5.2,5.3,5,5.3,6,5.56,5.66,5.9,5.8,6.2,6.3,6.5,6.7,6.9,7.2,7.4,7.7,8,8.2,7.759,
West Bank and Gaza,,,,,,,,,,,,,,,,,,,,,,,,,,,,,,,,,,,,,,,,,6.72,6.46,6.2,5.94,5.68,5.42,5.16,4.9,4.8,4.6,4.5,4.4,4.3,4.2,4.1,4,3.9,3.675,3.707,3.692,3.674,3.655,3.636,3.617,3.599,3.582,
"Yemen, Rep.",,,,,,,,,,,30.382,30.331,30.141,29.784,29.261,28.591,27.812,26.982,26.15,25.342,24.57,23.832,23.107,22.378,21.642,20.895,20.13,19.351,18.562,17.77,16.984,16.21,15.461,14.747,14.08,13.477,12.952,12.506,12.132,11.824,11.567,11.344,11.134,10.921,10.695,10.451,10.189,9.921,9.656,9.398,9.153,8.925,8.715,8.523,8.349,8.187,8.034,7.883,7.731,7.578,7.426,7.28,7.145,7.024,6.919,6.829,
Zambia,,,,,,,,,,,19.641,19.381,19.133,18.894,18.66,18.421,18.164,17.884,17.581,17.257,16.918,16.573,16.236,15.92,15.639,15.397,15.198,15.042,14.933,14.878,14.893,14.996,15.19,15.47,15.827,16.251,16.729,17.236,17.744,18.227,18.659,19.025,19.317,19.527,19.641,19.649,19.545,19.337,19.033,18.636,18.143,17.546,16.855,16.087,15.268,14.428,13.598,12.801,12.06,11.391,10.799,10.283,9.822,9.402,9.018,8.671,
Zimbabwe,,,,,,,,,,,15.601,15.345,15.089,14.835,14.585,14.34,14.103,13.872,13.646,13.424,13.204,12.985,12.765,12.54,12.306,12.052,11.77,11.457,11.116,10.755,10.378,9.989,9.605,9.245,8.931,8.681,8.508,8.423,8.443,8.586,8.894,9.405,10.121,11.02,12.07,13.231,14.46,15.691,16.85,17.868,18.674,19.21,19.469,19.458,19.18,18.647,17.882,16.945,15.903,14.809,13.711,12.645,11.626,10.675,9.819,9.086,