Country Name,1961,1962,1963,1964,1965,1966,1967,1968,1969,1970,1971,1972,1973,1974,1975,1976,1977,1978,1979,1980,1981,1982,1983,1984,1985,1986,1987,1988,1989,1990,1991,1992,1993,1994,1995,1996,1997,1998,1999,2000,2001,2002,2003,2004,2005,2006,2007,2008,2009,2010
Aruba,,,,,,,,,,,,,,,,,,,,,,,,,,,,,,,,,,,,,,,,,,,,,,,,,,
Afghanistan,,,,,,,,,,,,,,,,,,,,,,,,,,,,,,,,,,,,,,,,,,,,,,,,,,
Angola,,,,,,,,,,,,,,,,,,,,,,,,,,,,,,,,,,,,,,,,,19.8913942025,73.9633606043,,,,,,,,
Albania,,,,,,,,,,,,,,,,,,,,,,,,,,,,,,,,,,,,,-11.7567943941,10.7993885088,14.2542357418,8.42406154,9.6698846229,3.4266682525,7.0238691688,5.607469262,4.4641796142,5.9075141415,5.7039105414,3.6662653853,1.8017809071,1.2588110142
United Arab Emirates,,,,,,,,,,,,,,,,,,,,,,,,,,,,,,,,,,,,,,,,,,-5.5601949974,-2.8309788568,-1.3344006351,-2.668786633,2.0673661131,-7.1016702401,-9.1113175538,-19.3290534001,-8.7591367481
Argentina,,,,,,,,,,,8.8221298337,-2.7484460023,5.1363158189,2.0021192459,-2.9201976909,-7.4850801255,7.0711336397,-9.2750804277,7.6137890446,4.6181938553,-10.4775945683,-12.9732251828,6.0254801587,0.3549436056,-9.7418808828,10.7913008939,0.9137105875,-3.2178198688,-16.1946691878,-2.1819457037,19.2783851458,17.8603791211,6.269988101,5.2292561122,-7.720873001,5.2433169695,8.8680956621,2.4968952673,-7.4212913095,-3.7409626817,-7.9440801059,-23.6276596557,11.9388717766,24.6802460196,9.0624220039,13.2526888806,14.2464625055,3.4171818064,-4.0857233971,7.1098103569
Armenia,,,,,,,,,,,,,,,,,,,,,,,,,,,,,,,,,,,,,,,,,12.0191697542,14.0516073819,15.8396135741,10.5803141801,17.3475443734,15.2945976952,15.456979128,7.9308299393,-19.6837288462,4.2159908987
Antigua and Barbuda,,,,,,,,,,,,,,,,,,,,,,,,,,,,,,,,,,,,,,,,,,,,,,,,,,
Australia,,,,,,,,,,,-0.3595385582,3.1144827614,3.1545745295,0.5248569523,-0.6265723398,1.0961890317,0.9157361933,-0.3015117976,-0.1440918427,3.0637916168,1.8690129055,0.4281923674,-2.2506297233,3.0192087453,0.8334883324,1.9556427003,0.8473523125,5.3489576025,3.1328904516,-0.2509902993,-1.4572776109,-0.4949011341,2.9371496842,2.5984075858,2.2224622306,3.3826445964,3.0887591447,3.3517375247,2.9422512767,1.2678379424,1.5841195258,3.7531011001,1.7759165438,3.7529571643,0.8415915345,2.0842995105,2.2791150994,1.9086063013,4.9804464706,-1.8674877584
Austria,,,,,,,,,,,4.2746552344,5.9987444331,5.22808346,2.084888818,-0.0467502843,4.7279573844,3.9276070801,0.3855415785,5.3850192365,0.0051435445,-1.4324124383,2.7812807968,3.4964303534,0.2057649686,2.803804357,2.3663639302,1.3232905066,3.8308318177,3.4409803689,4.1291540127,1.6207751984,0.7917856921,-0.7693854576,2.0455558172,2.3750324714,2.2802890846,1.3187489478,3.1143209225,2.7555980535,2.4958652502,0.4011718734,2.3967180754,0.5452261816,2.1328971328,0.8872250754,3.3357126414,2.7620345884,1.2147315911,-4.9873926578,2.0733624248
Azerbaijan,,,,,,,,,,,,,,,,,,,,,,,,,,,,,,,,,,,,,,,-7.6145534122,-16.1467812226,23.7454552977,48.0062091475,13.5981773592,9.0282707989,15.9957899094,27.5310792466,19.9318037957,30.0594414349,9.6663499823,-5.7707860446
Burundi,,,,,,,,,,,,,,,,,,,,,,,,,,,,,,,,,,,,,,-4.5504484864,17.6262651573,1.8331414644,-10.4022730301,-7.8698000223,-32.5753872377,26.4715008559,10.6201693207,0.590853875,-0.1626560202,-3.3290416752,5.9802659859,26.5562922865
Belgium,,,,,,,,,,,,,,,,,,,,,,,,,,,,,,,,,,,,,,,,,-0.6622230316,1.5475164426,-0.4152068564,2.2399071369,0.6601257218,1.105262084,2.6995603572,-1.7083511022,-4.3990082721,4.4103431994
Benin,,,,,,,,,,,-1.4492888181,3.6951505083,3.1172650127,-2.8617973636,-8.0535640363,-4.3310195525,3.5742539895,-0.7775005967,7.3863317511,6.1148935038,1.1858438047,-2.8761831965,-12.7884322373,2.6497512417,4.5659592299,-2.2421417287,-5.3153473784,1.3593074088,-6.6380258195,9.8665933803,2.9144223802,-3.2156101388,4.0394060765,-5.2786450217,4.5033448897,3.0467496333,3.3038087743,0.9842441015,-6.4234678253,4.0890989391,1.7839672714,2.7495425541,1.1336096528,2.1745757674,-2.7258979893,0.4401011288,3.3682912126,2.47099515,0.0708212235,-1.7535465813
Burkina Faso,,,,,,,,,,,0.9898147834,-0.8417676871,-1.0597642983,4.7643333517,-0.9515703784,5.3354301863,1.4263840914,1.3242150514,-1.7970322173,1.5389380703,1.6234013702,3.7375742968,-3.9915181228,-4.1225426795,8.4614117862,5.4332538729,-3.4304078299,3.0856913447,-2.255905603,-2.9642656546,4.9997351828,-4.0431045772,0.1196378651,-8.8949671,2.4562016295,8.3213603578,2.6326554319,5.6735036223,6.404845916,-0.2840933897,3.7274128487,2.7004777872,4.7945809987,-0.1481106817,3.3337424866,2.0224439907,-0.7687129757,4.180066695,-0.2112871183,9.7891670736
Bangladesh,,,,,,,,,,,,,,1.2190311526,-7.3768176575,-2.2688294585,-1.2556793528,4.953270469,2.3672557017,-4.5048633381,7.9197247853,-2.8903982155,4.4569952459,1.1222244871,2.8872094777,1.2849833561,1.8525038755,-0.5559141211,0.5996785352,2.2736865773,1.6662831565,2.9579456151,3.8470432442,1.9138040348,2.4262365264,2.3880850647,3.7394153343,3.6279432932,2.3126279011,2.8633895161,2.1461476494,3.9817635954,2.5070964095,6.1140139977,3.8741003707,4.8329516527,6.5001066565,1.9402066364,7.3025601195,4.2410521793
Bulgaria,,,,,,,,,,,,,,,,,,,,,4.3845817867,2.561667209,1.0792766722,6.4469564894,-2.4827782663,5.6459403761,1.2856534391,8.924390317,-4.0730716787,-17.0841641265,-20.0381044365,-1.8745181305,-1.0052933282,5.9023109901,4.3500022316,-4.433081742,-5.9188828973,11.0402764104,0.915397884,8.8629241591,9.6362696371,9.7852869265,5.173072515,6.9225139806,5.1221148407,5.5624785235,5.2183356516,12.3908921536,-0.8448897469,-0.2030555853
Bahrain,,,,,,,,,,,,,,,,,,,,,,,,,,,,,,,,,,,,,,,,,,,,,,,10.2145900803,-6.0930978185,0.3061629833,6.379653231
"Bahamas, The",,,,,,,,,,,,,,,,,,,,,,,,,,,,,,-3.6528416508,-6.5729526339,-2.7832563803,-4.0668024005,1.03369745,0.7461132692,10.625981029,-8.5734784324,10.9313865903,8.6081452323,1.3797115234,-4.1185557997,6.7652967563,-4.7894161519,-4.6150964579,2.7610992403,-3.0961915528,1.6368629406,-5.0833783948,-10.8309048233,-2.6798726632
Bosnia and Herzegovina,,,,,,,,,,,,,,,,,,,,,,,,,,,,,,,,,,,,,,,,,,,,,,,,,,
Belarus,,,,,,,,,,,,,,,,,,,,,,,,,,,,,,,,,-23.9458324276,-16.3670607891,-13.7011247207,4.648476391,8.8230926502,18.4300023587,2.1003253587,5.7342912245,6.3279987032,8.2122019576,12.5628030738,14.990716303,18.204648228,14.2394700951,7.0815685324,17.2159303936,-7.227791637,8.3569090497
Belize,,,,,,,,,,,,,,,,,,,,,-1.6396666133,-5.7105622917,-5.1242528989,-2.2950795346,-2.1311336816,5.2772081209,7.4418429337,6.1966162964,10.0366384474,10.432620989,7.2659010857,11.6294177068,3.3663993549,0.0696291858,-0.762329244,-0.3998845798,-2.6334161905,0.8488559782,0.4689324719,-4.2185706542,-1.367533533,3.5071436241,-1.1633485908,-4.0194264452,-1.5439761653,-2.3707038907,-2.5015226731,-5.7097293543,4.9903063265,-3.8695317845
Bermuda,,,,,,,,,,,,,,,,,,,,,,,,,,,,,,,,,,,,,,,,,,,,,,,,,,
Bolivia,,,,,,,,,,,-0.6155035728,4.7304732963,0.5242064489,2.4288496644,-0.1280234145,3.9810894794,0.6113953041,-2.7955923574,-4.4242794654,-7.5999131784,13.0182639584,-33.6602572246,0.7309087723,2.6034027766,0.9966493336,-4.3551870401,5.2849424892,3.2929716318,0.3833234844,2.6447119824,3.6796818191,0.028611741,0.3043468713,2.5310380443,3.9647040359,3.3659168916,4.7110078277,5.9311959275,-3.6831434839,-3.9630830876,0.8342829086,2.6266555991,-2.0483068126,0.1391169088,-7.5271015576,5.9347761997,2.3726537659,6.0292256289,8.2411001515,3.9154655193
Brazil,,,,,,,,,,,9.0728501261,10.2727516063,12.1513063213,3.3632203098,2.3570337378,7.8924807878,2.373275173,-0.93273342,2.7517248868,4.703637182,-8.786575635,-4.5650475347,-8.2635794455,5.4558749904,6.6902091406,9.4634405235,1.6679405939,-2.313200562,11.5233688667,-17.8826873431,1.5559791129,-0.8767464932,3.4320646471,2.9696142742,4.4281348412,2.0086324345,1.7509629636,-3.2668898758,-5.3665362874,3.1667562556,-0.8199570106,1.8033801137,-0.711107409,6.2653826322,0.7706785036,3.4541845717,5.1668879167,3.6219003668,0.375745343,13.1495778732
Barbados,,,,,,,,,,,,,,,,,,,,,,,,,,7.2274204833,-0.1508377532,4.1709352521,5.4531834404,9.752242095,1.9013615823,-16.7385196656,2.2587073131,7.4883618826,1.5848899235,2.8269381775,6.8851216803,8.5468317281,-3.4503475466,-3.7635071967,-1.250596382,0.7649522502,-0.4968546407,-1.0257122194,-5.1231027356,-2.4692134694,1.3740989672,-5.7402343962,3.2435191544,-4.3676752938
Brunei Darussalam,,,,,,,,,,,,,,,,,,,,,,,,,,,,,,-3.5487250775,10.0682765906,-9.1588139279,-4.4780236102,-4.5524984951,0.5514081368,7.349917421,-10.450707591,-4.4047812128,1.1474882371,-1.6685230044,3.4829657937,4.4269937596,-6.71000525,5.4888331099,-5.4127987661,16.8276254477,12.5019481538,10.2996230074,7.3333242832,
Bhutan,,,,,,,,,,,,,,,,,,,,,,,,,,,,,,,,,,,,,,,,,6.4958382438,7.6302666251,3.4025516319,4.4288477773,7.8084861584,1.2143996715,11.3838580101,-0.3400762202,4.3692465026,0.8084395432
Botswana,,,,,,,,,,,,,,,,0.5005877285,3.6405074696,16.1810103151,16.6739234774,0.1785629885,8.4066911004,0.8983739639,-5.350546372,3.4106198457,18.6020888014,6.2338958855,8.4070611124,26.4671494835,12.1633980892,9.5570626956,4.8137346165,-3.7335231458,4.7597559029,-13.6773841093,9.4240864148,0.3715087189,14.0564672075,6.5953714273,1.1980057639,-2.5454848201,4.4475185906,-8.7163937361,-1.7904366061,-2.1723470523,6.2586253801,3.5893948343,6.8386982627,-5.9888721097,-7.4554039317,18.131568004
Central African Republic,,,,,,,,,,,,,,,,,,,,,,,,,,,,,,,,,,,,,,,,,,,,,,,,,,
Canada,,,,,,,,,,,2.0795197465,4.2791518036,4.8089838489,-0.740211278,0.6224674477,5.0892656826,1.1322912469,1.9686035934,-2.2873420404,1.7996245035,2.6518731797,-3.808796413,3.4353757716,4.2318911048,3.9177922397,1.7851342002,3.897142324,3.5794083955,0.3576691584,-3.1453069859,-3.2230189936,-1.3395168108,0.8935309375,3.0940209829,2.6529852462,0.0969252616,2.7101229146,2.0994742438,5.0167731807,4.1522955413,0.2977393753,1.8109803481,3.1414995111,3.9909810021,1.7870061413,2.1146102654,1.7158543587,-0.6523118635,-5.1014939723,4.1996425561
Switzerland,,,,,,,,,,,,,,,,,,,,,1.5691057688,-1.0441622543,0.3339448694,3.5519903682,1.2589536111,3.170247026,1.0595980383,1.8668043238,0.7706403781,2.0322224714,-1.5629743627,-2.1396633137,1.5838969779,1.5999063998,2.3823345297,0.4463491424,3.6566763935,3.7683802459,1.6404415307,3.4018170143,-2.9598997938,-1.5607311058,4.5728830524,1.3916135677,4.8299665186,2.3982603968,-5.0472073033,-8.772939569,8.061203211,7.8173050097
Channel Islands,,,,,,,,,,,,,,,,,,,,,,,,,,,,,,,,,,,,,,,,,,,,,,,,,,
Chile,,,,,,,,,,,9.8136842113,-1.9995692136,-8.7796078565,-2.0054132049,-26.9442340958,7.7380108356,16.4085828126,-1.1051809302,9.0520433508,6.9666538127,3.214688885,-19.4683909017,-7.0356236549,1.8295463015,-2.7485652679,8.663800321,9.6261462229,8.4510338802,6.7565611829,3.4298532617,8.4021628282,11.7051843891,6.4862842342,5.5749360615,13.2470031738,2.1393120363,4.65384741,3.2234337749,-3.5691497677,0.778227859,1.9816239184,1.5643950282,1.8750535972,3.6120529458,6.4045450118,-1.904618936,7.3171984867,3.1516309049,3.3690232368,9.9736391282
China,,,,,,,,,,,,,,,,,,,,4.1662854187,2.558601671,7.7268052829,17.3723366393,17.4640372765,15.9428576334,10.02955588,7.1959539777,11.7670701831,1.8370889553,2.6960736251,8.4108653509,13.5490249348,13.1004376846,13.2758252714,8.7085926728,8.3208281109,8.5006717989,6.2102303684,5.5826754882,6.0128526792,7.6473350636,9.557486554,9.6707648988,7.7313487858,9.4661379763,10.238926694,12.4869800008,4.0262133169,17.3398466731,
Cote d'Ivoire,,,,,,,,,,,,,,,,,,,,,,,,,,,,,,,,,,,,,,,,,,,,,,,,,7.7382713935,4.4141870376
Cameroon,,,,,,,,,,,0.6456916012,-2.6373098907,-5.8412457618,12.3968042521,6.5535361406,-10.0160269014,-0.5801612364,38.6477888776,-4.3745106324,-21.4401148096,17.6095648438,25.9056507297,1.1850257006,-1.7667409117,8.4394874957,24.2266419794,-10.3459869022,-8.1153582943,-12.3888808438,-10.0991667755,-3.3200928936,-13.4961215835,-1.2020307342,-1.374484817,-0.369741265,1.1521739326,1.7007451795,7.7743390115,1.9817435946,-6.1432796999,2.5517001529,2.018196403,7.0860640549,2.2447484889,-3.1480131953,4.9474076578,-0.7720306142,-3.8374810978,8.1276985787,0.1971884964
"Congo, Rep.",,,,,,,,,,,4.7156693837,-2.3148014235,4.0749706517,-11.0126225693,-0.2387419176,-8.6331262387,-11.1509079411,-7.9514403261,-7.2613981099,17.1414014469,15.3100238625,37.9793844671,-10.9785693198,4.6984163097,-8.9916358494,-1.5498590832,-0.045359385,-28.3493767285,-10.3249982053,1.0837402291,9.6187321683,9.5158175288,-55.1642763427,66.7896805168,-80.214672874,-59.6287453893,316.0234754477,106.3667424686,-56.4043973974,-110.3446665832,-866.3086444605,107.8324707897,10.024386961,-38.8866833835,-161.6188063438,117.459732963,-165.1062235158,72.0089067303,48.5467362643,-41.7556408615
Colombia,,,,,,,,,,,2.13948648,6.6085555419,6.0837738483,-1.1470028301,-0.1363050241,6.7333494298,5.6301166642,6.4382586814,-0.9627095878,2.2472963661,-3.3370556245,-3.3149224339,-1.366398059,1.3114288334,-0.9697264881,10.4388846234,-3.2627230249,3.6072218662,-0.7681118657,-1.5929439582,5.6180765133,4.9003015766,2.7471177749,6.7676979938,2.5039972335,-2.0468589442,1.4519568979,-2.8729240191,-9.5147806908,3.0773072022,1.3640173222,2.1532276154,1.3413309852,5.7898829793,4.4271493067,5.9749887499,7.6747178704,0.8033625962,2.6696547207,2.4795337066
Comoros,,,,,,,,,,,,,,,,,,,,,0.3273614994,2.9283700375,3.978341348,-3.1913222533,0.9745374056,0.5628568085,-2.3518214867,-0.2090077649,-4.3285213724,-0.0870111611,-8.6722898896,8.8581234201,-3.4896871731,-19.2275160692,15.733927428,-3.6957723948,3.4884921775,-12.3845970658,,,,-0.1413717747,-2.2843857464,-1.5822515064,0.4840056249,-1.5213914724,-7.0726091345,1.4345120518,-0.3731758492,1.3402845282
Cabo Verde,,,,,,,,,,,,,,,,,,,,,,,,,,,,,,,,,,,,,,,,,,,,,,,,5.191604081,-3.2145242455,-1.4742708881
Costa Rica,,,,,,,,,,,0.8201913137,3.8839654139,5.5868427032,-3.6884310893,2.3003266826,8.8573850832,11.5040148675,0.2643742342,-0.8935796473,-2.9190813561,-16.8898520274,-14.1125903845,17.0873632186,8.1271993243,0.8384066247,10.5871388888,0.3463477653,0.4414001355,0.9892458364,0.4565953506,0.826476594,9.2619540609,5.9257393416,4.7108649683,0.327124171,-2.7248536588,5.1758101759,6.9074643693,-4.5073055579,-0.1418289923,3.1582018393,2.3209410933,0.7269960232,4.0283911659,3.3649911318,6.4233220172,1.0747518707,3.7943129466,-2.6370951921,7.0907946288
Cuba,,,,,,,,,,,6.6747212431,3.0307712726,1.7311611064,-0.524421399,7.4935345871,4.1681407252,7.5990659652,5.8216508843,0.1224515098,-5.96467244,18.6132944575,7.9713043382,5.1039199817,7.2324982928,2.0148365687,-3.4674591817,-2.3757274661,2.5149140145,-1.2355518955,-2.0034827457,-14.7312435384,-13.2649346189,-13.7277725206,2.512836203,0.4196628011,8.2881948625,1.6814291744,-1.477372309,5.2158679967,1.6704296749,3.8468938675,1.6702790134,5.6122208817,5.7653786107,10.0594492012,12.8107796765,3.9189094977,-2.4629066257,4.5106643797,7.3479804585
Curacao,,,,,,,,,,,,,,,,,,,,,,,,,,,,,,,,,,,,,,,,,,,,,,,,,,
Cyprus,,,,,,,,,,,,,,,,26.7767407372,15.2031570309,5.8242170771,9.3056830848,3.4775989278,-0.8251940884,7.1471362464,1.5411794459,10.0131996561,2.8494570707,3.1886393049,8.2191229109,5.0082858385,5.8981629928,7.3412970631,-0.168432263,5.2416914254,-2.0730757469,2.8801183713,-4.9163263309,-0.5519776129,-0.2312730028,15.8331561911,-6.1660960164,1.2600321931,5.3262821968,3.1734282843,3.1595289905,1.7364518801,2.3220478302,2.568383813,2.9879352489,5.6092741476,-7.9393887716,0.0560298823
Czech Republic,,,,,,,,,,,,,,,,,,,,,,,,,,,,,,,,,,2.8382972299,3.6832170211,4.8538471677,-1.8335898729,2.3480571595,0.0355251948,2.499176028,4.1723344494,2.8930312914,4.1878312358,5.2997082223,6.2848330315,3.8065474404,5.1454856583,-0.0043006199,-6.148830438,-0.1326601232
Germany,,,,,,,,,,,2.6218835154,3.6389576449,4.3454949299,-0.7799845239,-0.9640146887,5.2941438486,3.4604266013,3.9931907935,2.493829528,-0.8098477868,-1.6016443261,-0.3378724892,2.580180563,3.2415185247,2.7789078221,4.8823722088,1.5828392132,4.0364754902,2.8036483781,4.7290198569,3.2418126412,1.5282950079,-2.1982371768,1.9829795396,1.491859977,0.4207802231,1.0397588313,2.0401444163,1.8507845554,1.4132316032,1.3916544852,-0.0565231325,-0.3427364936,3.3708317978,0.3266914466,4.6031118564,3.1218475824,-0.4930401268,-3.7304038671,3.7363729803
Djibouti,,,,,,,,,,,,,,,,,,,,,,,,,,,,,,,,-3.3357166788,-7.5319859209,-5.7158766662,-5.6401669931,-7.5262356193,-3.1808904629,-3.1772357127,-0.3943598096,0.2022648188,0.4249613568,2.2777174891,8.1052256161,4.3311031386,1.6782733613,,,,,
Denmark,,,,,,,,,,,2.0817450554,4.4063043336,5.2711442932,-5.1169257795,-0.1175876533,5.2899315144,2.2591642608,3.5221182886,1.4865723799,-3.0952444885,-2.5606816999,2.636401323,3.5606842785,3.8624491203,3.6172285095,6.7083095058,0.7410164133,-1.133485976,-0.3881973374,1.1012242983,0.1152153899,3.1718673083,-0.4684304705,5.1831548514,3.1182891305,2.5021377522,2.1102682364,2.0564321117,2.3766271787,1.0696959638,1.1004880095,0.1103832849,0.4012407872,3.6296100737,2.7328521413,4.04522741,-0.9873798229,-1.8842898381,-4.1138678092,3.74626596
Dominican Republic,,,,,,,,,,,0.0870704236,5.6640662941,8.8474905004,3.2904835913,11.3078611712,-9.0240658549,5.9698868866,-1.3531402668,-0.3656950696,7.2222679565,-0.8522560718,-1.9179528062,2.2741565792,-4.0828133307,-10.4529275534,11.5329065469,4.9362365012,0.9360904719,6.9461070951,-7.9097899153,6.0613961881,8.892082935,4.2493936281,3.3148939167,3.3982682344,6.2825398703,7.7325542127,6.862353824,3.1511741763,2.0710954277,0.5663189418,2.5608034304,-5.0226257157,-1.2239900119,8.4404662419,8.1001027575,0.4217764301,3.5001825531,3.3291531063,6.451786739
Algeria,,,,,,,,,,,0.4749855853,17.0693539101,1.4182637505,19.8456605763,0.5851346188,3.4456415921,3.5334938545,6.8265700889,-15.2776662377,27.417137119,12.9561700153,-1.1189158283,7.3343431249,-0.9896034215,1.0443693769,-9.1965784651,-9.0517665765,-5.5166476529,-0.5332652597,-0.0961579817,-4.2460400757,-2.4948338424,-8.248843737,-3.6667072879,-1.3466345919,1.0165832889,4.0410938199,1.9913910528,-1.1189647573,7.8566805045,5.0599720793,1.7882832032,3.8970990967,4.4078071372,4.3806526409,8.5312234195,5.8267292141,-5.0111650081,-2.1350266661,14.2175485499
Ecuador,,,,,,,,,,,3.6245403642,-2.2652858795,1.6256068653,11.3547734082,11.7248162359,3.1907893292,3.1292199613,-0.4777001841,-7.4112441728,4.3826840934,2.9359839711,-4.9580491677,-9.3206945778,-0.0333257835,4.2025137626,0.9592082588,-3.7980288368,-7.9287112033,-1.9157646636,0.9888514752,9.7394101709,5.5467141026,-5.4555973134,1.9365654501,-1.9740627115,-0.6865685298,5.7217319349,1.6827642023,-13.0970551088,-5.851753033,10.4891637418,8.962260743,0.472597416,-0.298168363,2.3514457096,3.1007444173,3.0974675555,12.5281394422,3.1538906033,0.3235149972
"Egypt, Arab Rep.",,,,,,,,,,,-0.1822904323,0.0803558034,-0.1297521232,-5.0336644743,2.3393860283,10.7569395115,5.4209891932,-6.260549532,-14.7014998394,6.6985936732,-1.1911355272,8.6113514192,11.9588955347,1.0007049425,2.7116807736,13.2903153167,4.8444961317,-2.5524499197,2.0519601157,-1.3898193479,5.8131428222,7.6731139777,3.0732836011,4.1645726151,3.4131768136,1.9545301385,6.2765803768,3.2692895764,2.5732858461,2.5146347358,5.1325217624,-0.7928949445,-1.5039579169,-0.6914648777,-2.5167020571,6.6314248548,6.1059943247,-0.0120582711,9.9369303362,2.0093116025
Eritrea,,,,,,,,,,,,,,,,,,,,,,,,,,,,,,,,,,16.5158720981,-0.9684487856,8.4986034085,5.6354887899,4.3513741594,-1.829610715,-5.6269285802,5.6079521408,-2.5806769289,-3.332363302,1.9377110341,-6.3725119553,-6.5956805205,-2.8237933782,-11.0882839966,7.7453353016,1.4873344019
Spain,,,,,,,,,,,4.6432228965,8.0597742443,6.8607060605,1.3263394367,-0.5332334927,1.54243517,2.3794906416,1.8195799322,-1.3735445355,-1.7324168546,-3.7300429446,0.3152282975,0.1693390466,2.3776227887,3.3135871635,6.1452554535,5.6802008236,4.8335997554,5.2968905962,4.5245632494,3.0939119502,0.9335767048,-1.4603994668,0.2844284168,4.3183248045,2.0289761405,3.3700910904,4.7669319763,3.725281789,3.0050930754,2.4601954871,1.8045198371,1.9048035855,0.639956615,1.212214386,1.8214077523,1.0858040933,-2.0658663651,-3.0356925374,-1.0688033391
Estonia,,,,,,,,,,,,,,,,,,,,,,,,,,,,,,,,,,,,,,,,,8.0047094614,7.8703881394,8.0574718323,8.9370116637,13.835387503,10.7279069138,7.7359142038,-5.0627874873,-14.7425730148,-1.1241442501
Ethiopia,,,,,,,,,,,,,,,,,,,,,,,,,,,,,,,,,,,,,,,,,,,,,,,,,,
Finland,,,,,,,,,,,0.6181822225,7.3785481217,6.0663908401,0.3814823923,0.2138518587,1.2786128806,-0.5561199075,2.3756090176,7.4676863968,2.2509965725,0.2915726004,2.4209131514,1.7805014024,4.3616413225,2.4630355264,3.5849308898,2.9848839457,5.5524285258,2.8612759189,-1.837051429,-9.9192331011,-5.3192192385,-0.9494878594,6.8341330902,9.6353679396,4.0859925188,7.617587219,5.7316112144,4.3857462497,5.2292023335,2.9989674779,1.555833556,-0.2653358639,4.5327200458,0.5166137721,3.234386236,4.2236454655,-1.6626457508,-8.9562295224,2.5633316014
Fiji,,,,,,,,,,,1.0832893302,6.365186027,9.5993716595,11.026312496,3.3485778984,-0.3376949725,4.5984913228,-0.7281378627,8.0146297921,-4.3206352782,-2.5371564399,-9.3860578767,-6.4290416156,8.7927560408,-5.1039103317,,,,,,,,,,11.5665231344,,,,,,,,,,,,,,,
France,,,,,,,,,,,4.462633959,3.4407485911,5.2233608116,0.192227543,-0.8853215806,2.7238928128,2.7195937145,5.3535148987,2.819331465,-0.8790739725,-0.6522590413,1.0164196436,1.2632084998,0.7213549063,1.6098179594,4.0209245991,1.8934742159,4.5845981894,3.2308086406,2.1541491431,0.2246717221,1.7008952266,-0.7147866033,1.8246368182,1.8111301971,1.4667251,2.7274456056,3.7318570905,3.6197515467,2.046008691,0.9454768499,-0.345124302,0.1044936471,1.951443564,0.5054469807,1.1978435503,1.9918020776,-1.1940270657,-3.9143814189,1.5390457047
Faroe Islands,,,,,,,,,,,,,,,,,,,,,,,,,,,,,,,,,,,,,,,,,,,,,,,,,,
"Micronesia, Fed. Sts.",,,,,,,,,,,,,,,,,,,,,,,,,,,,,,,,,,,,,,,,,,,,,,,,,,
Gabon,,,,,,,,,,,2.1439044209,-3.2714732706,16.7142995024,-4.6530111035,42.7884894089,58.2353212439,-21.1602302826,-39.6899055663,-70.488644603,306.0147057531,33.749619503,-10.5560403626,11.034534617,-3.6915173568,-10.9021730483,-2.9845878133,-28.5716978891,36.1866901494,-9.0688834649,-16.928359995,1.4630491716,-11.1035117518,-17.630566398,10.244999643,-3.2787962836,15.3809369846,1.9604304624,14.1955394175,-11.9899998795,-2.6396733757,12.1644510047,9.5082772417,-8.0607613304,-11.6473158625,19.8880384851,-8.8574035609,6.1299555789,6.0177180649,3.8506469933,-1.1134298472
United Kingdom,,,,,,,,,,,2.2823727298,2.8940560464,3.4748974625,-6.4306679172,1.2862467141,2.2309751595,1.0903745956,4.3719738483,-0.4300271988,-2.5304900723,-2.5713494139,1.4017761557,4.9982236156,1.1970795231,4.018586697,5.5757944375,4.5035711745,6.0844388317,1.2625477557,-0.2109983632,-0.9093948083,2.0796139347,2.7471909037,5.8785123692,2.6802716826,2.3419265161,5.3931094804,5.9458563328,1.6379475914,3.2292669988,2.9807520512,3.1724677077,3.0370117578,2.4211089461,2.6515765813,0.0785335473,1.8661329322,-3.1975311108,-3.8867558684,2.6947000033
Georgia,,,,,,,,,,,,,,,,,,,,,,,,,,,,,,,,,,,,,,,,,,,,,,,,,,
Ghana,,,,,,,,,,,,,,,,,,,,,,,,,,,,,,,,,,,,,,,,,,,,,,,2.6925981105,6.7764280761,-3.8436959703,5.1328626154
Guinea,,,,,,,,,,,,,,,,,,,,,,,,,,,7.1462862861,5.5987294675,-4.5862243379,1.7758203295,-4.0458233709,-2.1367025703,1.7604133402,-3.5523268215,-6.1775569845,2.2564557524,8.4488354254,2.2187491593,1.7505946938,-3.6932902473,1.6697251844,5.7286247571,-9.3809019871,,,,2.5659342628,4.2836490778,-12.1875742635,8.1831933719
"Gambia, The",,,,,,,,,,,-13.5142656726,-4.4144740156,8.7858726901,3.1059028168,6.2494226405,-7.3204197137,4.6358797395,-0.6555244434,11.9514762777,3.6612077682,-11.6588700398,-3.2254734482,-16.0095285832,-8.3800512737,8.0687946387,6.8113717208,-4.4003948846,-11.0461493723,-6.8080525522,-5.1334418357,15.3051449964,-0.1910194543,0.4811109198,-5.8264385642,1.5984966853,-2.8379699639,1.0071890843,5.0478901685,-1.911528817,-3.0195540318,0.4434206707,-7.9599198852,-5.9838539522,2.8979436684,-5.9949556089,-2.4760281423,0.1977191809,4.0307691655,7.0193799701,3.9705486016
Guinea-Bissau,,,,,,,,,,,,,,,,,,,,,,,,,,,,,,,,,,,,,,,,,10.3208039406,0.5297222122,-9.4181522763,5.2281529971,-3.7422600726,,,,,
Equatorial Guinea,,,,,,,,,,,,,,,,,,,,,-15.6741519402,-9.3341155539,14.3759136831,-3.8362668845,8.0804998424,-16.9355716867,-10.6831285799,-1.6398644153,-8.8060177845,16.1675833167,-2.4407887299,32.2800299318,-13.2435933316,-0.227456368,-10.8272113251,-18.7126535625,,,,,,,,,,,,,,
Greece,,,,,,,,,,,7.3727434016,8.5786946548,7.2080949767,-6.8242068574,4.0088670206,5.3336256849,1.6796192813,5.2873429735,1.9130654417,-1.3408079436,-2.0937811763,-2.7987937082,-2.6602989266,0.1130258752,1.2368411349,-0.0188851271,-1.267342568,4.5352510865,2.9517934923,1.0106681405,3.0903989625,0.188164673,-1.8956808874,2.2459829332,1.4613866035,1.6452347584,4.1090052206,2.8697503245,1.1334458793,4.3387006411,3.821959537,3.3574283822,4.4294672294,4.133535716,1.2149394565,3.0210368796,2.3163429458,-2.2618739068,-4.7116833528,-6.807815661
Grenada,,,,,,,,,,,,,,,,,,,,,,,,,,,,,,,,,,,,,,,,,,,,,,,,,,
Greenland,,,,,,,,,,,,,,,,,,,,,,,,,,,,,,,,,,,,,,,,,,,,,,,,,,
Guatemala,,,,,,,,,,,1.3727102119,-0.9585824107,3.7820296476,2.7980657836,-3.5223629363,10.012486995,10.1098217405,-0.0040341141,-3.3163571044,-3.6881509057,-1.6728238546,-11.3612574946,-1.5603769673,0.0720917184,-5.491401806,-0.5497037881,0.8663047135,2.3808092035,0.833209606,-3.6718834304,6.179129667,3.8789749763,2.7128274713,2.5354623153,1.7268421363,-2.0757770188,4.0412038275,8.6418089622,-0.7361388928,1.3450133369,-0.6782814498,0.6171186777,-0.901846976,-0.2376358942,0.1699774801,1.7130120921,3.0755823432,0.5933441677,0.5688165695,-1.2378005886
Guam,,,,,,,,,,,,,,,,,,,,,,,,,,,,,,,,,,,,,,,,,,,,,,,,,,
Guyana,,,,,,,,,,,,,,,,,,,,,,,,,,,,,,,,,,,,,,,,,,,,,,,,,,
"Hong Kong SAR, China",,,,,,,,,,,,,,,,,,,,,,,,,,,,,,,,,,,,,,,,,,,,,,,,,,
Honduras,,,,,,,,,,,-13.7733332997,1.5430841515,9.4344286041,1.5659234194,-6.0930848381,17.5184701617,19.1880999372,-0.0755598057,-7.3128786447,-0.7202777889,-9.6405454754,-14.5716761166,-0.044178749,9.5291100032,-1.2361362146,2.9579229808,1.1555521407,7.02367075,-0.9847019342,-11.0341811046,5.1536782781,1.5437986687,9.9741652909,1.1954156195,-0.0236702494,-1.2718090071,1.7156620601,3.7470213674,-0.8493946374,5.3253547006,-0.2643114208,-0.0424960772,0.5858781202,1.5478509295,3.2105809433,2.361830341,5.2512936356,-0.3739314708,-0.3157501527,-2.1995099211
Croatia,,,,,,,,,,,,,,,,,,,,,,,,,,,,,,,,,,,,10.7482259358,6.1938043474,4.8080715438,-5.1408657267,5.7373314821,3.4071255152,6.4573851686,4.54320327,7.3098365381,2.9467072328,4.7733276102,6.3782093879,1.7127428209,-8.0399118714,-1.7884452462
Haiti,,,,,,,,,,,,,,,,,,,,,,,,,,,,,,,,,,,,,,,,,,,,,3.2832685587,-3.5828641711,5.9913104188,-5.324533811,4.3978482363,-9.378081215
Hungary,,,,,,,,,,,,,,,,,,,,,,,,,,,,,,,,,,3.8275750848,1.3386214358,-1.1239618411,3.4859413699,4.7058873588,1.8891632456,4.3128369345,6.7976820324,7.1105518233,4.9866196203,5.1640652472,3.6885240972,3.1902776448,-0.915272403,0.2212482162,-5.1932906902,0.5113609554
Indonesia,,,,,,,,,,,3.5653774136,1.8893151875,5.762772937,6.7761056636,5.3894228051,1.9370102888,6.426246638,8.7243965786,-8.8997784589,22.9334402989,15.3717911188,1.0490844479,4.2182818846,3.1301855823,5.5240481318,4.9272786602,0.9048728182,5.7863094505,6.1931581261,6.7592242077,-2.8596929674,8.589502994,18.1338184023,7.4783005631,6.3446757802,6.2955887305,5.1153096869,-12.4745051912,-5.9699454504,-0.7765923528,0.3573522994,1.0796625905,13.698475649,0.5637093852,0.3155415236,7.6005495968,3.9729220338,1.0479163704,9.655213969,5.0310604028
India,,,,,,,,,,,0.1218468653,-2.7719298923,0.0698009852,-3.753890764,2.4693535,1.798152199,5.7785355952,2.5283789471,-9.4431770998,3.4500327068,4.1460330301,-0.915779423,8.4859787052,-0.2040488501,3.6408301644,4.2165216541,1.4873930481,7.229862961,2.7328720777,1.5723123099,-1.4406870033,4.0446925407,4.1203436027,6.2355341071,4.314527619,4.8453145934,4.1106600774,5.7399719284,5.9109763552,0.4476591162,2.7479028248,0.9965704586,6.9391678306,5.3091539156,7.5230238039,6.8982891231,7.0127040547,1.2311416588,9.8000833646,7.1194898046
Ireland,,,,,,,,,,,2.8399449084,6.8623626143,3.4560747718,-5.9944894164,7.1749882405,-1.1568453484,4.1769939147,3.4675627017,-1.8980359115,-0.5869553427,1.4359930196,1.2145344298,0.4028441032,2.3746209267,2.7048482283,2.8331912876,5.6242289615,4.9949800194,5.3437565451,7.0850370394,0.2733236702,1.5691436331,4.5835629913,4.3990674676,6.7058016193,9.171523301,8.8731732769,7.4044674863,5.8755311844,8.4254638259,2.426145485,1.7651629643,2.008588514,0.9839531856,2.5825367554,2.8745513484,-0.1266388768,-5.6447549819,-8.553132566,-0.5162600766
"Iran, Islamic Rep.",,,,,,,,,,,9.8344650251,15.6352281703,19.2248273416,24.7007129159,14.2025354382,11.5872881845,-3.0310896176,-21.2751005639,1.6241691622,-17.5266459034,-5.3550335068,9.0347950777,7.3775026461,-11.7955204653,-1.9388080636,-12.9366327463,-4.8504019182,-22.6731955963,2.6407941341,4.4251508348,,,,-4.4666927407,2.6673784292,1.7492284723,-0.7563171938,-0.3219241075,5.1067001664,-6.3286387897,10.5683394597,15.8966669191,4.1959830256,3.6864570408,5.1977388844,4.3245353901,16.9705722824,-7.4923212585,9.6695993909,6.354133423
Iraq,,,,,,,,,,,,,,,,,,,,,,,,,,,,,,,,,,,,,,,,,,,,,,,,,,
Iceland,,,,,,,,,,,,,,,,,,,,,,,,,,,,,,,,,,,,,,,,,,,,,,,,,,
Israel,,,,,,,,,,,,,,,,,,,,,,,,,,,,,,,,,,,,7.8388997058,2.3740448407,1.7345757501,-0.6080092344,7.4882467155,0.867309774,-2.3852394092,-1.4607810102,4.3941855637,2.7934696651,4.6045363169,3.9146978272,-1.2810398918,2.1296820894,4.2045394187
Italy,,,,,,,,,,,1.5731605443,3.3880434278,3.4652992525,0.6993340216,-2.2490667111,5.8311243311,3.0719670956,3.7292096518,5.8148797638,0.2306155561,-1.5976298703,0.7865662213,2.3746972495,2.9414147045,2.5965304153,5.3303039774,3.8590593339,4.1459966526,3.0229655091,1.9807166695,1.7955049125,0.15928315,-1.7560432306,1.8840257761,3.2103117072,2.1187484869,2.3413251532,1.9624086408,1.7095259713,1.8593756486,2.0702386504,-0.1133388644,-0.0836802356,1.0013344045,-0.3406011443,1.0974051167,0.7870057848,-4.0547124823,-4.451943212,-0.1290874591
Jamaica,,,,,,,,,,,,,,,,,,,,,,,,,,,,,,,,,,,,,,,,,,,,,,,,-4.4777963909,-5.1412622929,0.2801754506
Jordan,,,,,,,,,,,,,,,,,12.2964209705,14.48713539,14.6197062366,11.5660181366,0.446879088,-4.3846080184,-3.2976354652,5.9051664801,-6.3595429931,3.4130284347,6.3506368543,-5.2059008998,-4.4973785053,-18.3387588241,-19.8139845623,16.8744747836,0.7326549926,4.3616630945,0.9766212207,-4.617821167,3.0299862484,3.3758421349,1.4222486641,4.8146028013,3.8118592786,2.3905661699,-1.3315555513,3.2947259979,3.6267450361,7.1106434918,3.319161896,9.872415879,6.4069289258,-12.1109440737
Japan,,,,,,,,,,,4.2983657211,6.4760398489,6.5255153209,-4.1642002621,1.8951949948,4.1338834568,3.9019942237,5.296318572,2.3424429352,-0.4142206851,3.4144173132,2.4002685015,2.5272034733,4.5518778462,6.0765387535,3.1355624562,3.1085530163,6.7346954326,4.4185057602,4.4258492229,2.2790317428,-0.0897927659,-0.8366668136,0.3529125517,2.2806068071,2.9422965201,0.8330436723,-2.7872603333,-0.6127839515,2.2474698829,0.5519096815,-0.1594527365,1.6402195487,2.4929717561,0.8962546916,0.9121718872,1.9528641218,-3.9682360762,-5.6747224562,5.2808270451
Kazakhstan,,,,,,,,,,,,,,,,,,,,,,,,,,,,,,,,,,-10.6091116913,-10.9213893643,-10.4455130092,5.313719782,,,-17.2948679667,19.6750270859,2.6766381794,8.4983665816,2.5312650858,2.3751310428,13.6859975259,39.9274519736,1.7723719222,1.7952952362,6.5707726004
Kenya,,,,,,,,,,,15.8061909568,14.3290272087,-3.5011345386,-3.462058285,-4.0144024129,1.8689529052,12.5386780271,-3.9724978997,2.9013281457,2.1479762965,0.1026636555,-9.535230554,0.9406719894,-2.6953397546,0.5302923386,4.3651709698,3.3566487358,2.5379330391,0.5514988337,-4.7275050873,0.9185479112,-3.2119310164,-3.5504225001,2.3950454718,-1.990129575,4.6772734128,2.0523200247,3.2638776905,0.2210739778,-4.6034016508,4.6257116149,-2.1706329786,-3.6018463672,3.7269128218,5.1860431988,8.741700961,2.4216892797,-0.9605290871,4.931071201,3.9549182748
Kyrgyz Republic,,,,,,,,,,,,,,,,,,,,,,,,,,,,,,,,,,,,,,-10.7093229054,10.2111291653,9.4134783305,11.3495304934,-4.7604078423,7.0404851975,2.8601480129,-2.0851424565,-0.1431262363,10.9808214278,-4.752903674,4.5234234075,-12.0865065719
Cambodia,,,,,,,,,,,,,,,,,,,,,,,,,,,,,,,,,,,,1.4446211715,5.5239531973,0.6580926178,12.5900570861,7.4122908155,5.5257920932,5.2565799234,6.4046745034,8.0722628903,12.4877228489,8.8734893971,10.514065369,15.1871767308,-8.2364124491,3.2566154032
Kiribati,,,,,,,,,,,,,,,,,,,,,,,,,,,,,,,,,,,,,,,,,,,,,,,,,,
"Korea, Rep.",,,,,,,,,,,6.9321730152,7.0007621436,12.9498584557,2.1364465918,4.8065298457,18.5291526623,11.3438878736,9.0212391866,3.5965114426,-3.1294852904,5.7011266898,7.7724802038,12.3215691969,9.5557357483,6.1478464039,15.4331404941,13.779511851,11.6903133949,4.5410143235,6.2718142569,9.326642905,4.2518138692,5.5178080601,8.555037624,6.6156829609,4.2177833761,2.9769475772,-6.7798997912,7.8591185015,4.6563269505,2.2414037603,8.6314970703,1.9106622172,4.0657491142,1.4270229968,3.512943644,5.3642385502,-2.2073015409,0.7154450031,7.6671145993
Kosovo,,,,,,,,,,,,,,,,,,,,,,,,,,,,,,,,,,,,,,,,,,,,,,,,,,
Kuwait,,,,,,,,,,,,,,,,,,,,,,,,,,,,,,,,,,,,,,,,,,,,,,,,,,
Lao PDR,,,,,,,,,,,,,,,,,,,,,,,,,,,,,,,,,,,,,,,10.0835771416,3.2341750252,4.9934514692,5.5799275563,,,,,,,,
Lebanon,,,,,,,,,,,,,,,,,,,,,,,,,,,,,,,,,,,8.8279761215,7.6794326232,-2.1881335627,6.9694192848,-0.5837772918,-0.8081300694,0.7212851473,-3.9477655846,-17.5334777315,23.5687346966,0.6100311664,0.4542397432,10.3735056837,4.9385203276,14.4487064854,1.0135357439
Liberia,,,,,,,,,,,,,,,,,,,,,,,,,,,,,,,,,,,,,,,,,-19.2396846609,8.8585533516,-39.6085227391,-68.338645268,37.4800261479,30.7901279112,-19.8667670959,-12.4994756257,55.7281034721,1.5795428921
Libya,,,,,,,,,,,,,,,,,,,,,,,,,,,,,,,,,,,,,,,,,,,,12.3406399752,17.1796330382,6.9226638937,11.3152802651,9.0333015226,-14.8254581815,7.9579675346
St. Lucia,,,,,,,,,,,,,,,,,,,,,,,,,,,,,,,,,,,,,,,,,,,,,,,,,,
Liechtenstein,,,,,,,,,,,,,,,,,,,,,,,,,,,,,,,,,,,,,,,,,,,,,,,,,,
Sri Lanka,,,,,,,,,,,-2.1136482335,-1.1164507592,3.9591502039,-1.0315741224,-2.6816594643,4.111514424,13.4414994354,1.2980111388,11.127980703,-2.490254027,6.9896497779,2.9659930571,8.6685142513,13.0780473097,-1.933947809,2.2902365853,0.7923974938,-0.6532242279,0.1671778869,6.19679686,0.1583631912,5.0412352015,6.0401413293,2.2813016882,4.5219672951,3.858621702,8.5359383417,7.7694732075,2.1451214345,2.2135827522,1.2804415919,8.4023534182,4.7985859335,1.9781211668,3.8533252185,4.8767034612,5.8403720526,1.4125495118,11.3578172737,6.8317530437
Lesotho,,,,,,,,,,,15.3734084012,2.0976904075,19.1741762064,24.5612845732,1.2410829536,15.5834213585,10.3552600382,9.9407107995,-5.5034125083,-4.3536561327,1.8670075946,6.6413286567,2.1819057459,0.6904190194,-5.6367112825,-1.9061039381,2.6829384124,-1.357038477,-0.8678374409,4.8938353768,-8.3229464525,1.6596744077,-0.8381416553,2.471182062,-5.4050308298,1.9021624573,1.4274415811,-19.8951864985,4.053309987,0.9901258433,29.2249800783,-5.2897378103,-2.1669480256,0.3329662937,-2.6162075048,-0.1935176368,0.7655823897,6.1337774343,-2.5119483358,4.4328241325
Lithuania,,,,,,,,,,,,,,,,,,,,,,,,,,,,,,,,,,,,12.6526361136,13.5584453312,9.4283940984,1.2618928665,7.2488851981,8.1542386233,9.0152933592,10.5745332151,12.0411169436,13.9035496365,6.832873421,10.4670722079,5.8748024188,-10.6385741314,-2.161649734
Luxembourg,,,,,,,,,,,,,,,,,,,,,,,,,,,,,,,,,,,,,,,,,-1.3169385103,-0.694771746,-2.4825006798,9.7734594663,4.7415762346,-13.4347843895,17.9435912827,-4.3655571404,-19.0473701258,20.9545936676
Latvia,,,,,,,,,,,,,,,,,,,,,,,,,,,,,,,,,,,,,,,,6.0519486106,9.9396241928,7.4631049238,3.6929295057,11.2103416139,13.2627162802,9.3493237779,15.4032530815,-1.4289636634,-6.367145408,-10.4257733068
"Macao SAR, China",,,,,,,,,,,,,,,,,,,,,,,,,,,,,,,,,,,,,,,,,,,,,,,,,,
St. Martin (French part),,,,,,,,,,,,,,,,,,,,,,,,,,,,,,,,,,,,,,,,,,,,,,,,,,
Morocco,,,,,,,,,,,1.740427264,-1.971900851,0.0721886394,6.500254427,10.1005583281,7.4640310876,7.296396968,-4.7667060932,2.317102121,-4.3290552891,-9.3595349755,5.7475147402,-0.5452740059,2.104547467,3.5160347501,12.1716283385,-1.9724885211,10.0491806839,0.4607677985,0.360246179,6.1275386487,-4.5285087199,-4.9820693031,7.2497639641,-3.4633577774,11.0083087265,-3.3883287587,7.6387230335,-0.9578382249,-2.0436848529,6.1715562999,3.357071192,7.6368378119,3.3793658998,1.4600835574,5.9735432293,7.3016010193,1.3892065993,5.5167011386,0.4423843279
Moldova,,,,,,,,,,,,,,,,,,,,,,,,,,,,,,,,,,,,3.0500593451,8.0239045783,-6.6483167663,-7.2594319698,4.1563473985,17.1843392184,10.6350816575,17.0711364703,6.3099449902,8.0999431172,8.5512893238,2.9894709316,6.8423853662,-12.9190923327,11.6264253235
Madagascar,,,,,,,,,,,0.3249752093,-5.1362465422,-5.9864018974,-4.314729796,-1.9687041382,-5.2417449665,-0.4602047324,-7.1601283608,4.8791300579,-2.9927087805,-14.6498693193,-2.9679311953,-1.4250442804,-2.7661133239,-2.4406240419,1.4025945239,-7.1967102461,-1.2240616982,-3.0975511356,3.2044916044,-14.2954406083,0.8783032761,-0.2003473597,-4.6159309834,-1.6071579767,2.0367262979,1.5123916118,3.3177724583,1.0896748189,2.1278421504,8.3804566573,-17.0121232201,10.6501372,-3.1777655824,-3.6431021056,1.0038732353,-0.0119861208,5.439989431,-10.0672251092,4.0759495727
Maldives,,,,,,,,,,,,,,,,,,,,,,,,,,,,,,,,,,,,,,,,,,4.7815795818,12.7202655735,10.9480548152,,,,,,
Mexico,,,,,,,,,,,0.9780322262,5.2490896062,5.2356108969,0.6496469084,0.9263581088,0.8432471695,-1.615745215,5.3156543029,2.4187335719,6.5012580542,7.2004422923,-9.5749069001,-7.3098326962,4.0907974384,1.5074651594,-9.0657877273,2.253671484,0.6737273139,3.7875672266,4.4262860162,3.7479310066,1.809895928,1.929948374,1.9232666433,-12.49565065,4.6512593466,6.882634766,2.7612522904,2.8294490855,4.3839219887,-1.1751994406,-1.0307085792,-1.19421729,2.0818508238,-0.2090543605,3.5151466,2.1411837859,-0.8315207424,-5.7352166652,4.817365767
"Macedonia, FYR",,,,,,,,,,,,,,,,,,,,,,,,,,,,,,,,,,0.8714342282,3.7157009563,0.1067940691,-1.4021117772,2.1366322623,5.388808664,4.6719751529,-1.8375547394,0.0277456543,1.5050221529,3.9864044928,4.9830790009,6.5402499796,-2.512570435,10.6644467063,-0.1719132876,2.5037328214
Mali,,,,,,,,,,,-0.7775267761,5.195094953,-6.1619005561,-10.8088859352,14.43254106,16.8183327972,5.2210297206,-4.7787850045,8.382572535,-7.0167561883,-0.1879768529,-7.6797481025,0.0138840078,-1.2511401673,15.7507376171,4.1823558028,2.0504109907,1.4666583865,4.8133152482,-4.8900916321,9.0359707873,-7.4938782792,1.8120502898,-8.1152463679,1.0521318345,3.9817617387,2.8256202144,10.5364384996,-14.5115214169,-0.1218564747,5.2201317751,-7.7620968218,26.4923209278,-6.018992524,1.2703247905,13.7390871684,-1.4933069711,6.6385244516,8.630048864,0.5647822384
Malta,,,,,,,,,,,,,,,,,,,,,,,,,,,,,,,,,,,,,,,,,,,,,,,,,,
Myanmar,,,,,,,,,,,,,,,,,,,,,,,,,,,,,,,,,,,,,,,,,,,,,,,,,,
Montenegro,,,,,,,,,,,,,,,,,,,,,,,,,,,,,,,,,,,,,,,,,,,,,,,,,,
Mongolia,,,,,,,,,,,,,,,,,,,,,,,,,,,,,,,,,,,,,,,,,,,,,,9.792666181,11.7662266955,-1.9709820297,-5.7905621989,-0.088051568
Mozambique,,,,,,,,,,,,,,,,,,,,,-1.6696249585,-7.545226551,-18.298767875,-5.7746701149,-3.6305321605,1.0254833009,-4.5399755489,3.0932150284,3.8958490489,0.7697462235,-3.8972525079,-18.596353313,5.7738728343,6.8364367926,-4.2086022815,29.6011107051,10.7167894329,9.8933203647,4.0381478501,-5.2459003158,4.1802133469,-6.3721932854,20.9430151346,3.5184167845,7.5565136525,3.9673626652,7.9456003311,5.131920497,8.9850357485,-1.3171161845
Mauritania,,,,,,,,,,,-2.4117062013,-22.1234740178,-3.5393720852,19.4243648728,-1.2583007746,-0.8265026837,-5.7286757657,-4.8482097106,-3.0294271436,-3.2079166026,-1.2342870812,-3.6080201806,-3.5880991435,-1.5788611538,-3.6913187028,8.2629612678,3.0814809004,-4.2027340973,9.6855443199,-4.8829646136,0.2396052632,0.5999524503,6.5006934699,-8.6415226409,14.6527690604,10.5515339895,-7.8090887961,-4.405238422,7.6914006033,-5.335032956,-5.2802709693,15.3998218359,-1.1286647259,3.0243015001,-0.2088872488,-4.125363113,1.5760599196,-7.9902754839,10.9458394839,1.8444160785
Mauritius,,,,,,,,,,,,,,,,,-0.8250003488,0.4807896376,-0.3977067627,-16.1164361072,-1.8930347023,2.8244139494,3.2529322999,2.4029380606,5.8694554835,21.11341629,14.8680697122,4.328746916,0.4197514503,8.7010194909,2.6495117008,4.562481055,0.9415927379,0.6057370615,2.7715303615,6.6847635616,4.570622179,7.965984255,0.8433424674,5.5980397681,2.5851224179,3.6935931485,0.7034354415,3.3233356293,-4.1667805895,1.3666589023,9.0310860983,-1.2783799171,0.1340335985,1.8134616918
Malawi,,,,,,,,,,,,,,,,,,,,,,,,,,,,,,,,,,,,,,,,,,,-2.5493190569,7.3947077038,-1.6813914848,11.4210317879,14.1729451015,-0.7741111279,10.4553295847,-0.4564188187
Malaysia,,,,,,,,,,,-0.7377108101,3.0196201867,16.4017604031,1.7439453429,-5.9015798512,14.3365353759,4.7148533251,1.8156941837,1.0777831659,5.5157541816,1.3148267817,-0.7336677025,0.4832628704,8.2333624364,-6.5889940246,-5.3162517541,8.1699778758,9.7435733801,3.5777202347,0.9149166489,5.7185434311,8.3784125495,10.1448247014,6.6366523011,7.0659036999,7.7913385974,2.5552496207,-8.7015808748,2.4918076861,-0.5682747182,-1.8860540985,6.120015138,6.7642767188,4.8817934006,2.6304661831,8.544498434,7.6166576709,3.4695531884,-0.0616477452,1.8171712102
Namibia,,,,,,,,,,,,,,,,,,,,,-4.0539517189,-5.7981475439,-0.5227870536,-4.6423631239,-9.5520585961,2.8950644891,6.4885617118,-23.7279978873,17.5000160841,13.2175675043,2.4535821722,1.4442733955,-6.0138388432,5.3910394519,-0.9023431784,2.602151337,2.3246778382,3.4506141408,-3.150985372,5.7626434442,2.6762772813,4.0172009576,-0.1722726332,7.0878158277,1.0811597734,9.9077236054,5.077077302,8.302864595,-1.3586626141,0.1108679079
New Caledonia,,,,,,,,,,,,,,,,,,,,,,,,,,,,,,,,,,,,,,,,,,,,,,,,,,
Niger,,,,,,,,,,,,,,,,,,,,,,,,,,,,,,,,,,,,,,,,,,,,,,,-3.4905851408,0.3369625244,0.0055534337,4.8586490616
Nigeria,,,,,,,,,,,,,,,,,,,,,,-6.3733180655,-15.5165127345,-18.3304450752,7.4788269857,-11.885752459,-18.3050459894,20.4285843962,-3.3068277405,-2.4261448396,0.7475428094,1.334213295,-43.7305213219,16.5633550423,40.9177954113,4.4363660712,-5.4815930649,-2.5385720745,,,-2.7069526202,13.4541721158,-2.0194552086,35.4919037176,-3.2565694398,27.9412633409,-4.054624079,7.5767029974,3.6462147999,17.0563429203
Nicaragua,,,,,,,,,,,0.1961927146,3.6318077126,-7.8541734806,7.5418669522,-2.1597600705,12.3075356969,4.7917516296,-10.6484794358,-25.4692232947,-7.2553305076,-1.993732958,-4.5574145104,9.2617760504,-2.4430291491,-0.2431994951,-1.1391661011,7.0827412958,-43.2764540844,-15.7749459298,19.8202618288,-24.3233865319,-11.7281786742,7.7902563028,49.7150991153,8.3715108927,5.5569124431,3.0526552125,6.899872479,3.0488542292,2.195348255,0.0830654273,0.0963152344,0.1287607852,3.1579842309,3.9540220907,-1.268291454,5.2605545341,3.5720914176,-0.8912773587,-1.3633324839
Netherlands,,,,,,,,,,,2.3397903428,3.9861559681,6.3286262836,-3.5395326419,-0.1613025145,4.3922403065,1.42367273,0.9183401517,-0.5382424819,-1.3615066716,-1.4183584447,-1.1978901568,1.5207112575,4.2968787991,-0.3616751855,3.221136108,1.2313729698,2.3107867202,4.0883128674,1.6166185259,2.0104558044,-0.0493669866,1.1063017714,3.8530885036,4.0736011107,2.758706969,4.2863392923,3.1070816785,6.0835219172,3.0677932553,-0.8606413749,-0.1710141029,0.6879765657,1.7317825937,0.1947286869,6.2864631613,3.1816789284,-3.6040810239,-2.001602412,1.3109623074
Norway,,,,,,,,,,,5.2665118753,3.9138954512,4.6183337184,0.6814386701,0.573259701,1.0413339856,1.1694302757,2.7228931079,1.6144064379,6.3557983151,3.7678746449,-0.7366927264,2.3891741764,6.1720393318,5.6796450729,-1.2023481735,-0.9829095066,-3.1321523786,-2.5490974242,-0.1001668255,1.6656690493,1.5856237308,2.0137256626,3.8085915161,5.0082961671,2.4853376307,6.2571731699,2.8151112911,3.4827080618,4.2305203875,5.4148419417,-0.3205761669,0.7425076213,5.1130718995,6.0075195446,6.6476299165,2.247623094,-0.6322587267,-3.3486945053,2.5229206356
Nepal,,,,,,,,,,,,,,,,,,,,,,,,,,,,,,,,,,,,,,,,,,-2.6515541964,0.4781284395,4.6746510812,3.167307335,0.0266707117,0.6133822311,6.3720859834,4.6537892112,4.954850895
New Zealand,,,,,,,,,,,,,,,,,,2.3068103223,2.1133990951,0.712374491,3.756529462,-1.4707253234,2.4885701238,0.4608320784,-0.229193432,7.4535446501,2.6753736165,2.4961483392,-0.9333587625,-2.9170393099,-9.8158224504,-0.0654013369,5.7188936343,5.1316516458,3.7513884919,0.2736476383,2.2318632314,0.4715769237,3.3423168504,1.3938561962,5.1394530228,3.6044497457,5.150828384,2.1978151463,0.5549091464,-0.3473750882,3.6011756279,-6.4697230694,2.6689705266,1.9085932691
Oman,,,,,,,,,,,,,,,,,,,,,,,,,,,,,,,,,,,,,,,,,5.7797052781,8.0359727845,-4.0681892008,1.2416239943,-7.4605013787,8.4078069918,12.7684770069,16.447950626,-17.1717752578,15.8963768602
Pakistan,,,,,,,,,,,-0.36159358,-12.402458631,3.0127998233,0.6765560291,-8.4698856401,7.2443597477,4.6938721351,9.1975425664,3.5045704898,4.4016033482,-2.7782750664,0.6787651622,7.1513275119,0.9996287383,2.7756289587,-5.4332937748,8.8461321833,1.3008453016,1.3943940529,-0.3513076516,1.7184705211,4.1293196069,-1.0992451488,1.1531532013,3.9021105949,0.3855916958,-2.2442091984,2.9781280557,-0.1067152271,-1.9567062191,-0.9391148957,3.7053977644,3.3884619027,3.6511081917,1.9635310958,2.7033494845,2.3541336244,-3.728239298,7.3671759456,0.7529223998
Panama,,,,,,,,,,,,,,,,,,,,,5.7006927392,7.9988807953,0.2407464813,-3.9975622981,8.4844416312,0.333651985,8.5105220293,-20.7190590008,-3.6495299932,4.4067075402,6.1909343126,9.1480833539,5.0560249542,1.7664176338,-4.5882239508,7.9117960638,4.0519929048,6.1396117557,-1.7745667831,1.0630043419,-0.8238257582,5.2279749307,2.1017457861,0.7497004887,7.7260489216,22.384362088,17.8405296596,6.1183575121,-0.9883025576,4.7779562322
Peru,,,,,,,,,,,0.6362075016,-0.9954272809,3.4364528041,2.6042405972,-0.4530803211,-2.4950976653,-12.0320857655,1.7662616361,0.6421413757,43.0410122166,2.6702049235,-3.2934452514,-11.338930038,-3.0145395706,3.72463187,5.0553086739,4.9816638408,-15.5657834569,-16.0306720202,-16.1477969191,-2.588977309,-1.6719165593,2.196684054,12.7635994068,5.8268667874,0.7490758505,5.9010732675,-2.586672157,-3.471937106,-0.5539149956,-0.5644709109,4.3615720398,3.0339190526,2.2646936558,2.9653739057,5.2865939823,9.9616521493,7.989947547,-0.3721279076,10.1514236448
Philippines,,,,,,,,,,,3.045247081,0.4999929304,9.4673964691,1.8828741468,0.0020544241,3.4934128455,4.6281932658,2.8425157891,2.3762055955,-0.448613914,-0.0621070292,0.8134923766,-4.1248778426,-13.6168095499,-6.0364831431,0.210050301,4.0425018006,7.9408246159,1.9331235514,1.6478571524,-1.3864133211,-0.8339476246,-1.6859207558,3.7316806513,2.7375810699,4.7994327012,2.2727328116,10.0877649742,2.2417812538,7.0692228904,0.4324475622,2.3333208938,6.5009448267,2.0136956034,4.1690500241,2.1905951045,1.7216801856,5.6954580386,6.8977127682,5.5076209131
Papua New Guinea,,,,,,,,,,,-0.6340931379,-8.0083401127,1.516594179,-6.7944598464,-3.6103002582,5.0323961209,2.9595910598,-0.0725159592,2.8591199498,-13.3078812403,-12.2075145632,-4.4296745976,2.5873616393,4.847619234,-7.6554515072,-0.5120613907,-1.2823673134,4.0103217033,-10.4587532063,-10.4211845337,7.9066389946,-5.81086421,2.7462246974,3.8155484953,-2.0123359109,11.4358589921,6.4345554952,-1.7749160248,-5.9818255089,-7.7113563626,-10.7070585533,-1.6777227346,-7.3802858351,-1.5646726303,,,,,,
Poland,,,,,,,,,,,,,,,,,,,,,,,,,,,,,,,,9.8332735823,18.0379178022,21.8208612874,10.9121874313,6.5272784686,7.0549120484,5.8784745776,4.2078961547,3.9304069966,1.3984203473,0.8330964227,2.0305498953,2.7537817928,6.1720883172,5.9184903589,7.8062826738,5.2111053084,2.9833650384,3.4175923805
Puerto Rico,,,,,,,,,,,,,,,,,,,,,,,,,,,,,,,,,,,,,,,,,,,,,,,,,,
"Korea, Dem. Peopleâ€™s Rep.",,,,,,,,,,,,,,,,,,,,,,,,,,,,,,,,,,,,,,,,,,,,,,,,,,
Portugal,,,,,,,,,,,7.037026969,9.2387960816,13.0290868463,-2.0109259903,-9.8808689132,4.4098401563,3.7016548189,0.203864633,4.4364051865,1.1164304363,-2.7658920932,-0.8027002823,1.5238907602,-2.3204769801,5.7063321854,9.0830277165,6.5169927293,7.1993604695,8.5483450676,5.5364707802,6.0998341012,3.8252475529,-2.0854995949,0.5068900587,3.1908149734,2.1264116802,3.4083065718,5.194399991,3.7017153347,-0.2119536079,1.2288690869,1.2325898539,-0.6515926753,0.9670980529,0.0595060188,-0.5779070918,2.7442059789,-2.523215199,-1.2003676963,1.5088645617
Paraguay,,,,,,,,,,,,,,,,,,,,,,,,,,,,,,,,,,,,0.2816686564,-4.1276024861,0.6005938085,-3.5201892768,-12.858249981,6.4017338512,7.0647509419,-7.2098687431,5.0204545359,-2.8446860446,3.9394074707,12.6574881096,5.6981297119,-6.1973381788,10.1266706512
French Polynesia,,,,,,,,,,,,,,,,,,,,,,,,,,,,,,,,,,,,,,,,,,,,,,,,,,
Qatar,,,,,,,,,,,,,,,,,,,,,,,,,,,,,,,,,,,,,,,,,,,,,-16.8610566111,34.8160046984,3.4048825548,-0.6900890068,-11.9958939243,14.3318244989
Romania,,,,,,,,,,,,,,,,,,,,,,,,,,,,,,,-7.0018613902,-10.8497979892,3.5521362951,6.785264613,-1.459619535,-0.3690200361,3.9151301232,6.1507073558,0.3785820466,1.8841602519,8.0301750031,5.0710394648,5.5051072683,11.2071323592,10.1708803095,13.8854370783,18.0134202781,11.5476583591,-7.4150953225,1.0422526069
Russian Federation,,,,,,,,,,,,,,,,,,,,,,,,,,,,,,,,,-16.0013471283,-16.9919797932,-7.8842484385,1.1460447947,2.8382537307,-5.1800478911,19.4523808047,7.4258055359,5.7242893928,5.4786866475,2.1775203603,10.8161784347,5.2432897116,13.4071038239,13.0007258509,6.4344174147,-10.3464852071,7.857958211
Rwanda,,,,,,,,,,,-1.9584224219,-3.584070814,-3.4571245076,-6.6767274487,0.3922789829,16.6026646455,1.9689817327,0.5178960166,14.8476793568,-5.2477093679,7.7897198139,-2.1441590446,9.0932655729,-7.0115893284,-4.0610562967,1.2909900889,-10.5683985848,3.0219716205,-4.8160133049,-2.4934068166,2.9004314437,11.403557573,0.059048504,-63.7289691537,74.9427009761,7.439023268,15.4658639016,2.166926087,0.8364039338,7.2591528746,2.4555500665,9.1293137793,-6.0996478373,10.0153247773,8.2351535751,13.203280012,1.3650948293,4.1592271351,10.0922722625,3.2575366688
Saudi Arabia,,,,,,,,,,,,,,,,,,,,,,,,,,,,,,,,,,,,,,,,,,,,,,,,,,
Sudan,,,,,,,,,,,,,,,,,,,,,,,,,,,,,,,,,,,,,,,,,,,,,,,,,,
Senegal,,,,,,,,,,,-2.8737412964,2.3718320883,-11.34409222,1.0412552133,5.6698000098,5.9010159416,-2.4789513789,-6.6874250936,5.6479051389,-8.6709676623,-1.5876835589,4.0450324364,-10.3002086793,4.1404467291,7.6620724586,4.3092380695,2.1103367522,-3.1320423878,-3.2156935037,0.434461233,-1.3230731896,0.5846636963,-3.2595990696,-11.9726356373,5.2018500579,2.3284374428,0.4977294603,3.3816997559,4.2615055815,-0.2210169591,3.2179855632,-3.4946792206,4.5852277624,0.9843464854,1.9807308695,-0.5765903662,2.2287338305,-2.7653475565,3.4120291368,-0.3728251607
Singapore,,,,,,,,,,,,,,,,4.3213988207,7.3486631053,6.698675084,4.9525432851,0.2898635332,5.8134547035,5.196160375,12.2386057875,8.5789442226,-0.8958265314,-0.7230075155,5.5587862706,14.7363891117,10.4404656624,6.3325936487,5.0971482958,4.4521718464,4.7434664732,15.8507090425,4.3726145987,2.148347859,6.9569263707,-6.7506157705,-0.1564252198,8.1452239718,-6.0616652647,-0.5621191266,7.8673450416,6.0016253999,7.837054575,9.7001539448,5.091897505,-8.206902724,-6.2808368335,22.1567705244
Solomon Islands,,,,,,,,,,,,,,,,,,,,,,,,,,,,,,,,,,,,,,,,,,,,,,,,,,
Sierra Leone,,,,,,,,,,,-5.3865921614,-3.4216796701,6.5442513693,-0.9880138541,-11.8057214074,-3.1021013102,-1.111554639,14.6637584747,5.4654687004,-12.368852595,-1.1808915929,4.8363634296,-7.3235540736,10.5175118053,-6.7214713548,-20.4274492509,33.6053212574,0.677687015,-10.748179395,-19.7998483009,11.9576047374,-27.2335594843,16.3780563397,0.089889555,-12.7289845127,5.6361433178,-3.9390557194,-11.9989021403,9.4215932411,-5.3136280002,6.8209413767,16.9263844727,-0.5827793814,4.4053436758,2.3482652273,4.3322155036,8.4697856201,6.2087763802,4.4445525732,-2.9665842501
El Salvador,,,,,,,,,,,-0.7022390879,4.2597997975,2.7975710246,-3.9821254879,-1.4566100462,16.8116827361,15.6649447465,-9.7993543892,-4.92261637,-17.0827756331,-17.2100308684,-11.9639757893,2.6353258001,1.0751735428,-0.201508,4.0444510346,-3.9258423136,3.21787321,-0.407734122,3.77470144,2.1730816568,7.3433351298,9.0356647537,7.4052862907,7.4079738317,-0.1560404024,2.4386303924,4.4814926357,0.4884913302,0.9144307975,2.1841998429,0.8686135137,0.7087462199,-0.0286363381,3.7047926398,4.040094859,3.5174353498,0.4701802681,-5.9003387678,-0.6299056138
San Marino,,,,,,,,,,,,,,,,,,,,,,,,,,,,,,,,,,,,,,,,,,,,,,,,,,
Somalia,,,,,,,,,,,,,,,,,,,,,,,,,,,,,,,,,,,,,,,,,,,,,,,,,,
Serbia,,,,,,,,,,,,,,,,,,,,,,,,,,,,,,,,,,,,,,,,,,,,,,,,,,
South Sudan,,,,,,,,,,,,,,,,,,,,,,,,,,,,,,,,,,,,,,,,,,,,,,,,,,
Sao Tome and Principe,,,,,,,,,,,,,,,,,,,,,,,,,,,,,,,,,,,,,,,,,,,,,,,,,,
Suriname,,,,,,,,,,,,,,,,,,,,,,,,,,,,,,,,,,,,,,,,,,,,,,,1.4817449986,0.0520533921,7.4072346065,1.1169092411
Slovak Republic,,,,,,,,,,,,,,,,,,,,,,,,,,,,,,,,,,,,2.100675415,6.9382631214,3.0382904664,-1.3134567424,3.218586686,3.6405973152,4.2708902918,0.3611797326,8.7008501627,8.5840034584,9.3073186318,11.9222293841,5.6144941955,-7.4004780581,2.6655879704
Slovenia,,,,,,,,,,,,,,,,,,,,,,,,,,,,,,,,,,,,3.068157383,5.2276420764,3.5186194683,5.9550372167,0.2961246922,4.4915491274,4.6418052473,3.01900409,3.2542675765,3.178066413,5.0364486346,6.4457607344,1.7842025782,-7.9203374568,-1.558711751
Sweden,,,,,,,,,,,0.3372800661,2.1101961119,4.0271997014,-0.0592666965,3.8052560184,-0.0053933914,-4.0317097216,0.9078572543,2.8870581095,0.9372798597,-0.6020671369,-0.423872732,1.8983717099,5.8452944057,1.3190613799,4.8717398482,2.93946733,1.8476522687,1.3571585365,-1.1286573495,-2.162396742,-3.4879686402,-5.0362855303,6.5346636759,5.7756746694,0.6007647855,2.8576735635,4.4831725402,3.3695205878,3.8569527559,0.1396529241,0.8793997453,4.0781235211,2.3406764067,2.4854537667,5.4280224023,4.5457623286,-1.7837241567,-8.6557146993,5.987478305
Swaziland,,,,,,,,,,,,,,,,,,,,,,,,,,,,,,,0.1077331547,-0.9735494768,-1.2198619934,0.0387890245,8.0502716441,-0.0162875948,5.4965086816,-4.1562011589,2.394687439,-3.3222684088,13.2088044682,-5.195114856,0.7415165963,4.052695058,9.2883017673,-4.418992989,2.268347175,-4.6497480711,-4.5193062697,-6.5901774585
Sint Maarten (Dutch part),,,,,,,,,,,,,,,,,,,,,,,,,,,,,,,,,,,,,,,,,,,,,,,,,,
Seychelles,,,,,,,,,,,,,,,,,,,,,,,,,,,,,,,-3.5221648535,19.7186491909,10.2853501505,-1.1637316323,-1.378743105,-2.5315041886,14.3793235743,13.8332460906,-6.3941188158,5.7229676885,3.3910622476,-9.3221714506,2.4030928673,,,,,,,
Syrian Arab Republic,,,,,,,,,,,,,,,,2.7562774443,2.1758241786,2.5129282411,-5.7436059435,6.433297258,4.0968639513,-1.6449915204,-5.0002615154,-6.2609405482,8.9726964155,-14.9651538317,-8.8503245778,11.1388414621,-21.1376126584,1.965938631,-2.040563954,12.2860173346,0.4362374585,-3.4942889136,5.9821450876,1.7848562561,-4.728382693,16.4205911895,-11.1392081731,-3.2927587331,8.6319001026,2.0655857723,0.30427885,13.8210824032,6.6141136661,-5.8336544298,9.7205058675,,,
Chad,,,,,,,,,,,-3.5156911036,0.5139635342,-0.4423554715,-1.3375658211,-2.0897811445,-3.783356986,0.2209892251,-5.1086443372,-25.4824966023,-3.5007406062,-10.5360736594,7.5220673399,10.065160858,-0.9600024733,44.882775543,-8.3110127139,-8.5082355278,11.6988893195,-4.7037450654,-4.3011824045,0.6207391385,0.6791202628,-20.5002671851,-2.4645477502,-5.0600248797,-3.654318949,2.3818422869,3.3363124596,-2.0959353777,-4.0040880321,18.9192542408,24.0295995607,-27.6614554626,-32.0719273275,0.6663799239,,,-0.567036404,42.8813992887,7.1206327229
Togo,,,,,,,,,,,-23.9972841851,-3.1358803637,-2.8101671721,61.5050929225,-39.3995806987,30.5622604204,12.0174563473,2.9801974082,-15.3500734526,0.0187434604,-7.6777675918,-11.4061475267,-8.119348773,6.2113543566,9.0982260477,2.4879310916,-4.1744928327,6.3349948339,-0.5010933404,-0.4136039197,-7.6702488665,-5.5878916654,-30.7163825967,4.5767814199,8.8483007448,20.2319867131,5.7469897706,1.5270404006,1.6226843606,-7.8437888039,0.5343633731,-3.3112960366,-4.7870501806,-1.5142056079,-7.3384896145,-0.5770409477,-2.4680702153,-18.7396871604,10.8869661525,-3.1839684608
Thailand,,,,,,,,,,,-4.2493996694,1.9077073267,11.6108288537,-3.0860310667,-0.5116541887,5.9390865646,6.8952703101,6.8215769157,2.3564737354,1.4361367073,0.4011650996,0.2846686327,7.0728447106,3.853583313,-3.3493235983,4.8283587639,10.4109547753,14.0185000045,10.2381147104,7.8480634778,7.6871582421,7.3520171636,8.0942902414,8.0539064941,8.435632941,2.7217766076,-7.3541637261,-13.4166790001,2.8082011748,1.4922076916,-0.6366360838,7.4890375473,6.3605085251,7.0168278795,0.6038819796,4.7125353802,8.0838132903,-3.8156830904,2.4570133349,7.4130100379
Tajikistan,,,,,,,,,,,,,,,,,,,,,,,,,,,,,,,,,,,,,,,,,,,,,-1.5122069578,0.311550608,4.0969822706,5.0081979636,14.0522084343,6.5867226441
Turkmenistan,,,,,,,,,,,,,,,,,,,,,,,,,,,,,,,,,,,,,,,-10.615539626,,,,,,,,,,,
Timor-Leste,,,,,,,,,,,,,,,,,,,,,,,,,,,,,,,,,,,,,,,,,,,,,,,,,,
Tonga,,,,,,,,,,,,,,,,,,,,,,,,,,,,,,,,,,,,,,,,,,,,,,,,,,
Trinidad and Tobago,,,,,,,,,,,-2.6748712694,-3.6209944129,7.5981062598,-11.6429828013,29.1640012891,-3.2402222998,6.1530279854,15.6489194097,-24.5424576776,26.8678369097,11.9380170808,23.2679951233,-7.6537180256,-9.3043925277,-1.8400430626,-3.5765481655,-16.0102260862,-6.0114150904,-7.109667327,5.471484959,13.9892231596,1.2720249483,-12.7980641577,-3.9339408907,-1.8665483823,6.9267553993,3.903297109,15.5937959583,4.2188585763,-9.8015745579,-1.5567993681,8.2609361108,6.4212283467,14.0543120686,-15.2239637344,4.9787918163,5.7230884313,-13.7379814352,9.8780251619,9.6600847623
Tunisia,,,,,,,,,,,8.1131899087,17.607809959,-3.28880427,6.8139107409,3.0930271394,0.7767479077,0.1233283018,4.5905529537,1.4378252307,3.1932809318,3.3448025072,-2.3291859541,3.0924321922,0.6020954506,0.1364186669,-4.8746250103,4.4279971504,0.0779894539,0.3670778172,6.48095743,-1.2935827076,-2.9137631985,-0.8965920141,3.2385979138,1.9559933215,5.8815192139,4.7493399401,4.2882017641,4.8260326041,0.9532322631,5.2454695791,0.1629760864,4.8974607545,4.7129822275,0.0202132343,4.1648679015,1.7441102159,-1.8620063067,10.0301956231,1.5127016132
Turkey,,,,,,,,,,,,,,,,,,,,,,,,,,,,0.3302059646,-1.8417579958,9.2985401358,-1.0688959215,3.4140111275,7.3783073131,-7.5970203419,4.6804087568,4.1928449661,7.2757097645,6.1376458941,-5.321269826,3.2974878437,-9.8118212856,5.1280045909,5.8207420455,9.6459211101,7.9730345181,4.4073934188,4.3801432696,-1.7996641904,-5.5148651834,8.0065552047
Tanzania,,,,,,,,,,,,,,,,,,,,,,,,,,,,,,,1.2056077565,-7.4412568919,-3.7852331909,-6.7003691997,3.5748953509,6.3868387947,4.6314611593,1.8317698798,4.6059463258,2.442168515,2.1281475608,9.5079875874,2.4957692481,2.8144020622,4.1352506811,4.3887714399,4.5756644115,2.278570822,3.5175454352,3.6122164306
Uganda,,,,,,,,,,,,,,,,,,,,,,,24.5815653525,8.4301730316,-2.985937868,-6.9415623788,2.3701194042,4.7202499885,-0.3464384203,-9.3697838003,-7.3402850925,-10.1120621996,17.8653670822,6.4905356298,15.6363511088,4.4083928623,6.2415722898,0.9884451424,8.2372819867,0.6654753405,-2.0579703197,2.2529214516,-7.2908665743,12.6327304712,3.8395513583,8.4831937644,3.4928767209,1.8791619969,9.5126742422,6.1588652463
Ukraine,,,,,,,,,,,,,,,,,,,,,,,,,,,,,,,,,,,,-7.0746900247,-1.3318914503,-0.0810702319,-1.8127175623,6.1517196687,7.9990122628,8.2450189822,4.3889978172,15.6801811183,5.9871627526,11.7202566113,14.5145421503,7.4437683093,-22.6135925862,7.0936806369
Uruguay,,,,,,,,,,,-11.0745567814,-1.4640646902,-4.7658884421,3.489818889,2.2088663042,4.8859419909,-0.7370916761,6.0019885479,6.0644006955,0.2446647186,6.0624386136,-11.4079379328,-16.1899909209,-2.7374969784,0.7961070765,12.3026415653,9.0564287672,2.2167356909,1.4629104071,-2.9689392663,4.279413671,8.5338547719,3.2675687893,7.2048005669,-1.9388066027,5.3172600359,5.8808864361,5.5728791941,-2.0139706954,-3.1988985601,-3.0789429692,-8.2090327391,-2.4294997474,3.0529215469,6.235530748,3.719174049,6.5718681159,5.3801547104,5.4454047246,7.2869686337
United States,,,,,,,,,,,1.4440134202,4.6868018168,4.8438638777,-5.1904009866,-1.7784898042,4.2806033451,3.3151237346,4.3531956224,-1.3322236199,-2.874621286,2.5467688608,-1.7702170038,3.7455812112,7.9961450985,3.3777468527,2.4988302274,3.106691828,4.9242966086,1.5932030173,-0.0155451837,-1.1435137087,2.3589446682,0.9392188878,3.301733555,2.0958831784,3.2633251139,4.3018559245,4.8740473526,3.1691317266,2.5936145304,0.3000049839,0.6095153552,1.1536963378,2.7524055486,1.6961263554,2.5069805031,-1.0701578318,-3.7040724978,-1.7158325548,2.4820658885
Uzbekistan,,,,,,,,,,,,,,,,,,,,,,,,,,,,,,,,,,,,,,,5.5122018946,-27.2590358631,-4.870635496,9.8933114975,-28.8031998484,9.2507817592,,,76.7538527808,-5.2664160378,82.2055281898,10.4129679203
St. Vincent and the Grenadines,,,,,,,,,,,,,,,,,,,,,,,,,,,,,,,,,,,,,,,,,,,,,,,,,,
"Venezuela, RB",,,,,,,,,,,,,,-36.6955355429,26.3591475331,9.3877126219,7.8257066785,-1.6670946226,-21.1738535393,13.8209165207,6.7929797435,-1.2772909993,-5.2920502194,-2.7048537906,0.7974962938,1.6772448112,-3.6834165723,6.2392723911,-8.0889575696,7.3082339955,1.0363198975,1.8879011718,-4.1665415839,-2.6148918569,3.7572568724,-3.1617662178,18.9751645877,-3.9336309946,-1.1832381641,7.8624799937,-0.917179594,-12.2528541596,-8.9170548154,21.6641151114,19.2480658724,13.8940040729,13.784424604,7.3292480329,-15.1707818881,11.5656620253
Virgin Islands (U.S.),,,,,,,,,,,,,,,,,,,,,,,,,,,,,,,,,,,,,,,,,,,,,,,,,,
Vietnam,,,,,,,,,,,,,,,,,,,,,,,,,,,,,,-11.2509603154,6.2119822812,7.3263359411,10.200875512,11.8404074306,8.4758740494,4.9496962212,8.6996649775,6.2133019826,3.8305673173,-0.6028349047,6.4419464417,2.3500925975,1.8652100626,-2.8313708208,10.1506786654,5.4006648044,5.3532008418,0.8860169785,11.0126800436,4.9117699767
Vanuatu,,,,,,,,,,,,,,,,,,,,,,,,,,,,,,,,,,,,,,,,,,,,,-2.7897087375,10.4407784946,2.4859566542,15.2814581325,-2.3736996935,-2.3535191364
West Bank and Gaza,,,,,,,,,,,,,,,,,,,,,,,,,,,,,,,,,,,,,,,,,,,,,,,,,,
Samoa,,,,,,,,,,,,,,,,,,,,,,,,,,,,,,,,,,,,,,2.3380280451,1.3708414159,5.6649066128,2.8808745084,4.4256983048,,,-1.5029323838,,,,,
"Yemen, Rep.",,,,,,,,,,,,,,,,,,,,,,,,,,,,,,,,,,,,,,,,,,,,,,,,,,
South Africa,,,,,,,,,,,3.0731398844,1.1793629277,7.8354817888,5.1770516313,-5.2352700469,-3.9716246791,-1.1364949992,2.1348316169,1.7694374005,3.0800133049,-1.7421438474,-4.8602242499,-2.6705448367,7.5718404247,-5.8178502167,-2.0763082786,2.7134082901,1.1115289676,-0.7395817186,-3.0430252171,-0.9627311244,-3.3091349442,-0.6076493264,1.4448562696,0.4064025483,2.9826223322,0.0854119115,-2.9709163486,-1.2610960294,0.9719293132,0.0186947882,4.4058418251,2.5007869436,3.3917436064,5.1488711549,4.6913907806,2.2213319412,-2.622497553,3.7373357073,2.5621954095
"Congo, Dem. Rep.",,,,,,,,,,,,,,,,,,,,,,,,,,,,,,,,-1.1423680876,-12.1906665514,-17.0419912977,-7.2571069401,-3.9425791401,-4.3822593635,-9.8585174794,-2.8481076281,-1.1012175382,-11.5607928503,-0.6675990709,0.1842252741,6.1216626176,1.9862402977,1.2967890839,-1.4406743348,-6.2814357531,-6.0876643379,5.3505834603
Zambia,,,,,,,,,,,,,,,,,,,,,,,,,,,,,,,,,,,-2.4987460085,5.5041390421,3.6364499798,-4.3949284631,-0.4101301184,-0.8850767036,4.8328426304,5.3425967876,1.9768269786,-0.0070883777,-3.5013761153,2.0692664181,3.3113418299,17.045299813,-2.4412565381,7.7887654877
Zimbabwe,,,,,,,,,,,,,,,,,-9.6278600549,-5.5363359667,0.4335779947,0.1175493003,6.3232766296,-0.9604619832,-0.1411250594,-2.4433918749,3.0138911628,-2.3009395276,-2.6721364396,5.9820319594,3.404915826,3.4471479772,3.8306542908,-14.0219419731,-3.0286484973,7.4202476266,0.2613968921,14.0780434218,-0.3226740359,2.5088783096,-3.6542365296,-4.3509376302,-0.6159852176,-8.8227075405,-19.2091117225,-11.9370788021,-8.2510777043,-8.5348133105,-7.2878633769,-24.7234987677,35.4304165374,3.4368181461
